GeneA,GeneB,min
ENSG00000120885,ENSG00000120885,6148581.37735849
ENSG000001208851,ENSG00000163513,6148581.37735849
ENSG00000106799,ENSG000001635131,198907.857142857
ENSG000001067991,ENSG00000106799,120828.090909091
ENSG000001067992,ENSG00000204217,978772.150943396
ENSG00000103496,ENSG00000117533,399216.285714286
ENSG000001034961,ENSG00000049245,399216.285714286
ENSG00000165675,ENSG00000120658,96252.7735849057
ENSG00000101017,ENSG00000179218,1101799.09090909
ENSG000001010171,ENSG00000023318,97672.3333333333
ENSG00000067182,ENSG00000232810,169129.666666667
ENSG00000204217,ENSG00000109846,1053329.21428571
ENSG000002042171,ENSG000001067991,978772.150943396
ENSG000002042172,ENSG00000135503,978772.150943396
ENSG00000026103,ENSG00000120889,26533.4242424242
ENSG00000117560,ENSG000001208891,26533.4242424242
ENSG00000147065,ENSG000001208892,717411.727272727
ENSG000000671821,ENSG000001208893,169129.666666667
ENSG000000261031,ENSG00000117560,19039.3414634146
ENSG000001470651,ENSG000001175601,717411.727272727
ENSG000000261032,ENSG00000147065,717411.727272727
ENSG000000261033,ENSG00000067182,169129.666666667
ENSG000001175601,ENSG000000671821,169129.666666667
ENSG000001470652,ENSG000000671822,717411.727272727
ENSG00000107779,ENSG00000125845,37566.1363636364
ENSG000002042173,ENSG00000107779,978772.150943396
ENSG00000125845,ENSG000002042171,978772.150943396
ENSG000001077791,ENSG000002042172,978772.150943396
ENSG00000150093,ENSG00000005884,424538
ENSG00000168140,ENSG00000119699,339674.928571429
ENSG00000146648,ENSG00000146648,79330.7307692308
ENSG00000079385,ENSG00000182718,58016.4545454545
ENSG00000184144,ENSG00000174469,1530173.11320755
ENSG00000174469,ENSG00000184144,1530173.11320755
ENSG00000180871,ENSG00000180871,4132.45454545455
ENSG00000232810,ENSG000000671823,169129.666666667
ENSG000001175602,ENSG00000026103,19039.3414634146
ENSG00000124333,ENSG00000103496,399216.285714286
ENSG000001034962,ENSG000000492451,399216.285714286
ENSG00000151150,ENSG00000129159,2549572.59090909
ENSG00000164111,ENSG00000082781,511758.571428571
ENSG00000082781,ENSG00000164111,511758.571428571
ENSG00000119699,ENSG000001635132,339674.928571429
ENSG00000113070,ENSG000001466481,109184.285714286
ENSG00000167085,ENSG000001827181,268440.924528302
ENSG00000196576,ENSG00000105894,1699229.95454545
ENSG00000185624,ENSG000001058941,1014454.77358491
ENSG00000163599,ENSG00000121594,14797.5151515152
ENSG00000178562,ENSG000001215941,14797.5151515152
ENSG00000010704,ENSG00000072274,185744
ENSG00000072274,ENSG00000010704,185744
ENSG000000793851,ENSG00000124469,4253.27272727273
ENSG000000261034,ENSG000001175602,19039.3414634146
ENSG00000157404,ENSG00000010278,352043.652173913
ENSG000001574041,ENSG00000135404,352043.652173913
ENSG00000010278,ENSG00000157404,352043.652173913
ENSG00000135404,ENSG000001574041,352043.652173913
ENSG00000134853,ENSG00000197461,385376.75
ENSG000001348531,ENSG00000100311,385376.75
ENSG00000049249,ENSG00000049249,1824.06060606061
ENSG000001354041,ENSG000000102781,320306.285714286
ENSG000000102781,ENSG00000150093,424538
ENSG000000261035,ENSG000000261031,19039.3414634146
ENSG00000112715,ENSG00000112715,470865.211538462
ENSG00000163513,ENSG000001196991,339674.928571429
ENSG00000006210,ENSG00000168329,1076494.71698113
ENSG00000153563,ENSG00000153563,32830.6153846154
ENSG00000137440,ENSG00000137440,179.056603773585
ENSG00000066468,ENSG00000066468,1238483.42857143
ENSG00000166862,ENSG00000155511,1192782.73913043
ENSG000001668621,ENSG00000120251,3358344.22641509
ENSG000001668622,ENSG00000176884,618543.754716981
ENSG000001348532,ENSG00000145431,385376.75
ENSG00000011422,ENSG00000078098,45448.8780487805
ENSG00000155511,ENSG000001202511,3358344.22641509
ENSG00000121966,ENSG00000160791,13656.3571428571
ENSG00000259207,ENSG00000138448,117133.5
ENSG000001470653,ENSG000001470651,717411.727272727
ENSG00000180210,ENSG00000171560,7437
ENSG00000080709,ENSG00000080709,76917.3913043478
ENSG00000019582,ENSG00000019582,2000263.5
ENSG00000196689,ENSG00000196689,11555.7272727273
ENSG00000135218,ENSG00000130164,108401.242424242
ENSG000001466481,ENSG00000109321,79330.7307692308
ENSG00000005884,ENSG000000102782,320306.285714286
ENSG00000179218,ENSG00000104368,1101799.09090909
ENSG00000165471,ENSG000001792181,1101799.09090909
ENSG00000104972,ENSG00000204642,125371.519230769
ENSG00000131042,ENSG000002046421,125371.519230769
ENSG000001500931,ENSG00000077943,424538
ENSG000001792181,ENSG00000167004,1101799.09090909
ENSG00000167004,ENSG000001792182,1101799.09090909
ENSG000000102782,ENSG00000117335,320306.285714286
ENSG00000177697,ENSG000001173351,175772.471698113
ENSG00000117335,ENSG000000102783,320306.285714286
ENSG000001173351,ENSG00000177697,175772.471698113
ENSG000001173352,ENSG000001500931,424538
ENSG000001500932,ENSG000001173352,424538
ENSG000001348533,ENSG00000113721,454368.075471698
ENSG000001348534,ENSG00000134853,385376.75
ENSG00000113721,ENSG000001137211,454368.075471698
ENSG00000137673,ENSG000001175603,1201.28048780488
ENSG000001635131,ENSG00000106991,198907.857142857
ENSG000001067993,ENSG000001069911,120828.090909091
ENSG00000106991,ENSG000001067992,120828.090909091
ENSG000001069911,ENSG000001635133,198907.857142857
ENSG00000004468,ENSG00000203747,44784.4024390244
ENSG00000074800,ENSG00000122194,1308062.94230769
ENSG00000133107,ENSG00000133107,38461.9393939394
ENSG00000162989,ENSG00000120457,652794.245283019
ENSG00000099250,ENSG000001127151,470865.211538462
ENSG00000129159,ENSG00000143473,640491.454545455
ENSG00000100097,ENSG00000131981,529257.071428571
ENSG00000116824,ENSG00000081237,41397.4242424242
ENSG00000104687,ENSG00000104687,315883.754716981
ENSG00000005961,ENSG00000180210,79399.3636363636
ENSG00000182718,ENSG000001043681,58016.4545454545
ENSG00000197561,ENSG00000167711,4342.64285714286
ENSG00000171564,ENSG000001792183,1101799.09090909
ENSG000001034963,ENSG000000492452,399216.285714286
ENSG000000114221,ENSG00000169896,104916.571428571
ENSG00000204592,ENSG00000166710,303454.939393939
ENSG000001792182,ENSG00000142192,7812131.26415094
ENSG000001376731,ENSG00000113070,109184.285714286
ENSG000001376732,ENSG00000026508,100532.463414634
ENSG000000058841,ENSG000000102784,320306.285714286
ENSG00000161638,ENSG000000102785,320306.285714286
ENSG00000164690,ENSG00000164690,2111.67307692308
ENSG00000125084,ENSG00000104332,29444.0909090909
ENSG00000105989,ENSG000001043321,29444.0909090909
ENSG00000164930,ENSG000001043322,29444.0909090909
ENSG00000104332,ENSG00000164930,29444.0909090909
ENSG00000118137,ENSG00000165029,222719.057692308
ENSG00000165029,ENSG00000118137,222719.057692308
ENSG00000197442,ENSG00000197442,466820.038461538
ENSG00000113140,ENSG000001127152,12599446.6060606
ENSG000001127151,ENSG000001127153,470865.211538462
ENSG00000026508,ENSG000001067993,120828.090909091
ENSG000001635132,ENSG000001069912,198907.857142857
ENSG000001635133,ENSG000001196992,339674.928571429
ENSG000001069912,ENSG000001067994,120828.090909091
ENSG000001069913,ENSG000001635134,198907.857142857
ENSG000001069914,ENSG000001258451,43367.7142857143
ENSG000001069915,ENSG00000121989,43367.7142857143
ENSG00000109846,ENSG000001098461,1053329.21428571
ENSG00000171105,ENSG00000197594,112225.727272727
ENSG000002328101,ENSG00000182492,148740.426829268
ENSG000002328102,ENSG000002328101,31.9545454545455
ENSG00000171557,ENSG000001715601,4419.92857142857
ENSG000001715571,ENSG00000171564,3415.85714285714
ENSG00000171560,ENSG000001715641,4419.92857142857
ENSG000001348535,ENSG000001137212,454368.075471698
ENSG000001776971,ENSG000000058841,287549.409090909
ENSG00000154342,ENSG00000157240,102747.272727273
ENSG00000114251,ENSG000001572401,102747.272727273
ENSG00000188488,ENSG000001043682,29766.4285714286
ENSG00000182533,ENSG00000173402,32607.6818181818
ENSG00000173402,ENSG00000182533,32607.6818181818
ENSG000001535631,ENSG000001535631,32830.6153846154
ENSG00000090554,ENSG00000090554,635.256097560976
ENSG00000090339,ENSG00000005844,10727.6428571429
ENSG00000104368,ENSG000001802101,15848.9285714286
ENSG00000204287,ENSG00000197971,60460048.8571429
ENSG00000081479,ENSG00000163956,513744.785714286
ENSG00000129988,ENSG000001181371,3158
ENSG00000134539,ENSG00000204592,303454.939393939
ENSG000001776972,ENSG00000134247,224765.79245283
ENSG000000102783,ENSG000001342471,320306.285714286
ENSG000001354042,ENSG000001342472,224765.79245283
ENSG000000102784,ENSG000001500932,424538
ENSG000001354043,ENSG000001500933,424538
ENSG000001776973,ENSG000001500934,424538
ENSG000001802101,ENSG00000178726,52757.1428571429
ENSG000001168241,ENSG00000110448,1146
ENSG000001635134,ENSG00000069702,198907.857142857
ENSG00000122194,ENSG00000189403,62041.2727272727
ENSG00000081237,ENSG000001535632,41397.4242424242
ENSG000000812371,ENSG00000010610,41397.4242424242
ENSG00000139190,ENSG000001034961,399216.285714286
ENSG000001635991,ENSG00000114013,40939.7142857143
ENSG000001168242,ENSG00000100097,529257.071428571
ENSG000001635135,ENSG000001196993,339674.928571429
ENSG00000162692,ENSG000001470652,717411.727272727
ENSG00000137076,ENSG00000259207,846291.857142857
ENSG00000137801,ENSG000001221941,4641.07692307692
ENSG000001010172,ENSG00000156738,91890.7727272727
ENSG000000114222,ENSG00000197081,289518.787878788
ENSG000000903391,ENSG00000134460,1555.5
ENSG00000179915,ENSG00000169992,2268451.22641509
ENSG000001799151,ENSG00000196338,2268451.22641509
ENSG00000198910,ENSG00000161638,1129819
ENSG000001989101,ENSG000001384481,1129819
ENSG00000196352,ENSG00000196352,219570.454545455
ENSG000001221941,ENSG00000137801,4641.07692307692
ENSG00000091583,ENSG00000081479,513744.785714286
ENSG000001258451,ENSG000001077791,37566.1363636364
ENSG00000036828,ENSG00000036828,13253.875
ENSG00000142192,ENSG000001824921,7812131.26415094
ENSG000001354044,ENSG00000204287,751797.333333333
ENSG000001168243,ENSG00000116815,36963.8484848485
ENSG000001258452,ENSG000001077792,37566.1363636364
ENSG000001258453,ENSG000002042173,978772.150943396
ENSG00000176884,ENSG00000183454,618543.754716981
ENSG000001768841,ENSG00000273079,618543.754716981
ENSG00000012124,ENSG000000812371,477596.142857143
ENSG00000010610,ENSG000001607911,13656.3571428571
ENSG000000106101,ENSG00000121966,5874.51515151515
ENSG00000213949,ENSG00000137076,846291.857142857
ENSG00000135424,ENSG00000138435,378380.326923077
ENSG000000814791,ENSG00000175445,513744.785714286
ENSG000000102785,ENSG00000143119,320306.285714286
ENSG00000196776,ENSG000001500935,424538
ENSG00000134460,ENSG000001344601,424.575757575758
ENSG000001626921,ENSG00000156886,60519.1818181818
ENSG000001348536,ENSG000001348531,385376.75
ENSG00000125730,ENSG00000140678,1377183.42857143
ENSG000001715601,ENSG000001043683,15848.9285714286
ENSG000001181371,ENSG000001181372,99.9423076923077
ENSG000000671822,ENSG000000671824,169129.666666667
ENSG000001421921,ENSG00000087085,7812131.26415094
ENSG000001208852,ENSG000000814791,6148581.37735849
ENSG000000722741,ENSG000000722741,185744
ENSG00000170458,ENSG00000129988,4264.15151515152
ENSG000001704581,ENSG000001299881,4264.15151515152
ENSG000000265081,ENSG000001466482,100532.463414634
ENSG00000189403,ENSG000001043684,62041.2727272727
ENSG000000062101,ENSG00000006210,1076494.71698113
ENSG00000003436,ENSG000001378011,21521.2641509434
ENSG00000012223,ENSG00000170458,38209.8484848485
ENSG00000117090,ENSG000000812372,41397.4242424242
ENSG000001043321,ENSG00000162552,29444.0909090909
ENSG00000109572,ENSG00000109572,1079812.03773585
ENSG00000001626,ENSG000001095721,1079812.03773585
ENSG000001500933,ENSG000001370761,846291.857142857
ENSG00000198400,ENSG00000198400,45453.5714285714
ENSG00000126218,ENSG000001043685,15848.9285714286
ENSG000001262181,ENSG000001221942,7472.77272727273
ENSG000001221942,ENSG000001677111,4641.07692307692
ENSG000001221943,ENSG00000113140,12599446.6060606
ENSG00000101307,ENSG00000011600,77894.4285714286
ENSG00000011600,ENSG00000101307,77894.4285714286
ENSG000001013071,ENSG000000116001,77894.4285714286
ENSG000001348537,ENSG000001348532,385376.75
ENSG000001137211,ENSG000001137213,454368.075471698
ENSG000002592071,ENSG000001137214,454368.075471698
ENSG00000170989,ENSG000001137215,454368.075471698
ENSG000001131401,ENSG000001003111,12599446.6060606
ENSG000001378011,ENSG000002592071,5783.30303030303
ENSG000001370761,ENSG000002592072,846291.857142857
ENSG000002592072,ENSG000001370762,846291.857142857
ENSG000002592073,ENSG000001348533,385376.75
ENSG000001825331,ENSG000001137216,454368.075471698
ENSG000001825332,ENSG000001348534,385376.75
ENSG00000163956,ENSG000000814792,513744.785714286
ENSG00000134243,ENSG000001639561,388739.5
ENSG00000130164,ENSG000001639562,107734.396226415
ENSG00000090659,ENSG00000090659,41325.4545454545
ENSG00000177455,ENSG00000012124,477596.142857143
ENSG000001774551,ENSG00000105369,759
ENSG000001774552,ENSG000000102786,320306.285714286
ENSG000000265082,ENSG000001130701,109184.285714286
ENSG000000265083,ENSG000000812373,100532.463414634
ENSG000001535632,ENSG00000085063,119432.566037736
ENSG00000178726,ENSG000001802102,52757.1428571429
ENSG000001378012,ENSG000001802103,7437
ENSG000000664681,ENSG00000070193,1238483.42857143
ENSG000001098461,ENSG000001098462,1053329.21428571
ENSG000001792183,ENSG00000091513,1556909.35714286
ENSG00000135503,ENSG000001219891,671394.452830189
ENSG000001355031,ENSG000001219892,671394.452830189
ENSG000001635992,ENSG00000163599,3819.06060606061
ENSG00000121594,ENSG000001215942,14797.5151515152
ENSG000001215941,ENSG000001635991,14797.5151515152
ENSG000000812372,ENSG000001053691,41397.4242424242
ENSG00000197471,ENSG000001470653,717411.727272727
ENSG00000132329,ENSG00000132329,474143.75
ENSG000000906591,ENSG000000906591,41325.4545454545
ENSG000001077792,ENSG000002042174,978772.150943396
ENSG000002042174,ENSG000002042175,978772.150943396
ENSG000001077793,ENSG000001077793,37566.1363636364
ENSG000001258454,ENSG000001077794,37566.1363636364
ENSG000001258455,ENSG000002042176,978772.150943396
ENSG000001208853,ENSG000001067995,6148581.37735849
ENSG000001067994,ENSG000001208851,6148581.37735849
ENSG000001635136,ENSG000001208852,6148581.37735849
ENSG00000119888,ENSG00000119888,84060.2121212121
ENSG000001034964,ENSG000000492453,399216.285714286
ENSG00000091409,ENSG000001500936,424538
ENSG000001974421,ENSG000001974421,466820.038461538
ENSG00000241186,ENSG000001355031,671394.452830189
ENSG000000814792,ENSG000001378012,513744.785714286
ENSG000001629891,ENSG000001204571,652794.245283019
ENSG000001378013,ENSG000001003112,125216.603773585
ENSG00000154096,ENSG00000154096,4250962.50943396
ENSG000001378014,ENSG00000197561,2529.16981132075
ENSG000001221944,ENSG000001677112,4641.07692307692
ENSG000001975611,ENSG000001677113,4342.64285714286
ENSG00000068078,ENSG00000107831,12241
ENSG000001466482,ENSG000001825331,79330.7307692308
ENSG000001466483,ENSG000001137217,454368.075471698
ENSG000000722742,ENSG000000915131,1556909.35714286
ENSG00000106327,ENSG000000915132,1556909.35714286
ENSG000000722743,ENSG000000107041,185744
ENSG00000100311,ENSG000001003113,125216.603773585
ENSG000001221945,ENSG00000117525,654104.317073171
ENSG000000261036,ENSG000001175604,19039.3414634146
ENSG00000113905,ENSG000001715602,4419.92857142857
ENSG000001043681,ENSG000001715603,15848.9285714286
ENSG000001378015,ENSG000001715604,4419.92857142857
ENSG00000179776,ENSG000001715605,156721.428571429
ENSG000001715602,ENSG000001715606,4419.92857142857
ENSG000001715572,ENSG00000171557,3415.85714285714
ENSG000001715573,ENSG000001715571,3415.85714285714
ENSG000001067995,ENSG000001635135,198907.857142857
ENSG000001841441,ENSG00000091129,1063410.62264151
ENSG000001841442,ENSG00000198910,1129819
ENSG000000671823,ENSG000000671825,169129.666666667
ENSG00000115884,ENSG00000100448,3580.85714285714
ENSG000001352181,ENSG00000005961,108401.242424242
ENSG000001352182,ENSG000002592073,108401.242424242
ENSG000001352183,ENSG00000091409,108401.242424242
ENSG000001352184,ENSG000000102787,320306.285714286
ENSG000001352185,ENSG000001500937,424538
ENSG000001500934,ENSG00000168003,424538
ENSG000000992501,ENSG000001127154,470865.211538462
ENSG000001127152,ENSG000001127155,470865.211538462
ENSG00000044574,ENSG000001301641,107734.396226415
ENSG000001827181,ENSG00000091583,58016.4545454545
ENSG00000102245,ENSG000001181373,128.333333333333
ENSG00000180509,ENSG00000055118,473714.727272727
ENSG000001262182,ENSG00000003436,21521.2641509434
ENSG000001168244,ENSG000001431191,117866.214285714
ENSG00000139220,ENSG00000139220,509909.886792453
ENSG000001173353,ENSG000001470654,717411.727272727
ENSG00000169896,ENSG00000090339,104916.571428571
ENSG000000016261,ENSG00000001626,12918.2857142857
ENSG000001000971,ENSG000000812374,529257.071428571
ENSG000001000972,ENSG00000197471,529257.071428571
ENSG000001000973,ENSG000000106101,529257.071428571
ENSG000001974422,ENSG000001974422,466820.038461538
ENSG00000005844,ENSG000000903391,10727.6428571429
ENSG000000903392,ENSG000000058441,10727.6428571429
ENSG00000112115,ENSG00000112115,54.6521739130435
ENSG000000265084,ENSG000001470655,717411.727272727
ENSG000001974711,ENSG000001470656,717411.727272727
ENSG000000102786,ENSG000001342473,320306.285714286
ENSG000001219661,ENSG00000101557,168267.132075472
ENSG00000080815,ENSG00000080815,514870.214285714
ENSG000002042175,ENSG000001067996,978772.150943396
ENSG00000163600,ENSG00000163600,717.818181818182
ENSG000001466484,ENSG00000149294,2245848.35714286
ENSG000001466485,ENSG000001841441,79330.7307692308
ENSG000001616381,ENSG000000664681,1238483.42857143
ENSG000000664682,ENSG000001616381,1238483.42857143
ENSG000001500935,ENSG000000058842,424538
ENSG00000132470,ENSG000000058843,293662.434782609
ENSG000000827811,ENSG000000058844,287549.409090909
ENSG000002328103,ENSG000000671826,169129.666666667
ENSG000002328104,ENSG000000261032,19039.3414634146
ENSG000001175603,ENSG000000671827,169129.666666667
ENSG000001175604,ENSG000000261033,19039.3414634146
ENSG000002328105,ENSG000000671828,169129.666666667
ENSG00000131759,ENSG00000131759,147604.169811321
ENSG00000215021,ENSG00000167085,426742.490566038
ENSG000001670851,ENSG00000215021,426742.490566038
ENSG00000169071,ENSG00000163251,70768.2727272727
ENSG000001317591,ENSG000001670041,147604.169811321
ENSG00000144381,ENSG000001421921,7812131.26415094
ENSG000001137212,ENSG00000140545,454368.075471698
ENSG000000680781,ENSG00000096384,7610777.16981132
ENSG00000096384,ENSG00000068078,7610777.16981132
ENSG000001317592,ENSG000001317591,147604.169811321
ENSG00000104755,ENSG000001098463,1053329.21428571
ENSG000000106102,ENSG00000196549,264256.574468085
ENSG000000106103,ENSG000000963841,7610777.16981132
ENSG000000106104,ENSG00000144381,1020138
ENSG000000106105,ENSG000000106102,5874.51515151515
ENSG000000106106,ENSG00000074800,1308062.94230769
ENSG000000106107,ENSG00000135046,5874.51515151515
ENSG000000106108,ENSG000001827182,58016.4545454545
ENSG000000106109,ENSG000001670851,268440.924528302
ENSG000001466486,ENSG000001466483,79330.7307692308
ENSG000001466487,ENSG000001000971,529257.071428571
ENSG000001466488,ENSG000001319811,178376.622641509
ENSG00000196549,ENSG00000086205,506037.357142857
ENSG00000130303,ENSG000000722742,185744
ENSG000001077794,ENSG000001077795,37566.1363636364
ENSG00000086062,ENSG00000086062,168454.454545455
ENSG00000113494,ENSG00000113494,118639.484848485
ENSG000001067996,ENSG000001635136,198907.857142857
ENSG000001894031,ENSG000001670042,68069.4848484848
ENSG000001500936,ENSG000001616382,424538
ENSG000001616382,ENSG000001500938,424538
ENSG000002042871,ENSG000000963842,7610777.16981132
ENSG00000196126,ENSG000000963843,7610777.16981132
ENSG000002042872,ENSG000001567381,751797.333333333
ENSG000001961261,ENSG000001567382,82389.5
ENSG000002328106,ENSG000000671829,169129.666666667
ENSG00000223865,ENSG00000185008,334075
ENSG00000088053,ENSG00000158869,14915.7727272727
ENSG000001500937,ENSG000001734021,424538
ENSG000001734021,ENSG000001500939,424538
ENSG000001370762,ENSG000001734022,846291.857142857
ENSG00000073060,ENSG000001181374,230486.063829787
ENSG000001650291,ENSG00000137312,774313.679245283
ENSG00000135046,ENSG000001350461,5360.51515151515
ENSG000001350461,ENSG000001641111,511758.571428571
ENSG000001067997,ENSG00000072571,120828.090909091
ENSG000000265085,ENSG0000015009310,424538
ENSG000000044681,ENSG00000198851,44784.4024390244
ENSG00000142627,ENSG00000142627,29449.9696969697
ENSG000001348538,ENSG000001574042,385376.75
ENSG00000149177,ENSG000001466484,350688.490566038
ENSG00000105894,ENSG000001058942,1014454.77358491
ENSG00000138448,ENSG00000182578,121535.714285714
ENSG00000070018,ENSG00000154342,222090.226415094
ENSG000000700181,ENSG00000114251,222090.226415094
ENSG00000107611,ENSG00000107611,61946.8484848485
ENSG000000261037,ENSG000000261034,19039.3414634146
ENSG00000055118,ENSG000001825332,473714.727272727
ENSG000001825333,ENSG000000551181,473714.727272727
ENSG000001974423,ENSG000001974423,466820.038461538
ENSG000001208854,ENSG000000906592,6148581.37735849
ENSG000000261038,ENSG000001974424,466820.038461538
ENSG000000671824,ENSG000001331071,169129.666666667
ENSG00000130037,ENSG000000722743,185744
ENSG000001300371,ENSG00000130037,108732.212121212
ENSG000000492491,ENSG00000186827,5607.58490566038
ENSG00000186827,ENSG000000492491,5607.58490566038
ENSG000001500938,ENSG00000213949,424538
ENSG000001500939,ENSG000001616383,424538
ENSG0000015009310,ENSG000000914091,424538
ENSG00000064300,ENSG00000064300,35525
ENSG000001208855,ENSG000001208853,6148581.37735849
ENSG000001421922,ENSG000001208854,7812131.26415094
ENSG000001421923,ENSG000000814793,7812131.26415094
ENSG000001208856,ENSG000000814794,6148581.37735849
ENSG00000104689,ENSG000001208894,26533.4242424242
ENSG000001098462,ENSG000001098464,1053329.21428571
ENSG00000126016,ENSG00000126016,388395.849056604
ENSG000000814793,ENSG000001208855,6148581.37735849
ENSG000001098463,ENSG000001421922,7812131.26415094
ENSG000001098464,ENSG000001098465,1053329.21428571
ENSG000001098465,ENSG000001098466,1053329.21428571
ENSG000001098466,ENSG00000102245,1053329.21428571
ENSG00000168447,ENSG00000166828,68451.2727272727
ENSG000001098467,ENSG000001098467,1053329.21428571
ENSG00000166710,ENSG000001667101,279595.071428571
ENSG000001098468,ENSG000001098468,1053329.21428571
ENSG000001317593,ENSG000000261035,147604.169811321
ENSG000001175605,ENSG000000261036,19039.3414634146
ENSG000001098469,ENSG000001098469,1053329.21428571
ENSG000001616383,ENSG0000015009311,424538
ENSG0000010984610,ENSG0000010984610,1053329.21428571
ENSG000001421924,ENSG000001208856,7812131.26415094
ENSG0000010984611,ENSG0000010984611,1053329.21428571
ENSG000001208857,ENSG000001443811,6148581.37735849
ENSG000001208858,ENSG00000171867,6148581.37735849
ENSG00000171867,ENSG000001208857,6148581.37735849
ENSG000001127153,ENSG0000010984612,1053329.21428571
ENSG00000120251,ENSG000001555111,3358344.22641509
ENSG000002328107,ENSG0000006718210,169129.666666667
ENSG0000010984612,ENSG000001127156,1053329.21428571
ENSG000001421925,ENSG0000010984613,7812131.26415094
ENSG000001792184,ENSG000000551182,1101799.09090909
ENSG000001690711,ENSG00000125084,31377.7575757576
ENSG000001067998,ENSG000001635137,198907.857142857
ENSG000001974424,ENSG000001979711,60460048.8571429
ENSG000001043682,ENSG000001454311,62382.3018867925
ENSG000001466489,ENSG000001466485,79330.7307692308
ENSG000001067999,ENSG000001635138,198907.857142857
ENSG000001635137,ENSG000001067997,198907.857142857
ENSG000001974425,ENSG000001979712,60460048.8571429
ENSG0000015009311,ENSG00000135424,424538
ENSG000001354241,ENSG0000015009312,424538
ENSG0000010984613,ENSG0000010984614,1053329.21428571
ENSG0000010984614,ENSG000001421923,7812131.26415094
ENSG000001046891,ENSG000001208895,26533.4242424242
ENSG000001974426,ENSG000001974425,466820.038461538
ENSG000001667101,ENSG000000107042,279595.071428571
ENSG000001443811,ENSG000001421924,7812131.26415094
ENSG00000143412,ENSG000001421925,7812131.26415094
ENSG000000195821,ENSG000001421926,7812131.26415094
ENSG00000164022,ENSG000001421927,7812131.26415094
ENSG000001260161,ENSG000001421928,7812131.26415094
ENSG000001635138,ENSG000001421929,7812131.26415094
ENSG000001158841,ENSG0000014219210,7812131.26415094
ENSG00000164136,ENSG0000014219211,7812131.26415094
ENSG000000664683,ENSG0000014219212,7812131.26415094
ENSG00000137573,ENSG0000014219213,7812131.26415094
ENSG000000034361,ENSG0000014219214,7812131.26415094
ENSG00000049245,ENSG0000014219215,7812131.26415094
ENSG00000124479,ENSG0000014219216,7812131.26415094
ENSG000001352186,ENSG0000014219217,7812131.26415094
ENSG00000116815,ENSG0000014219218,7812131.26415094
ENSG000001181372,ENSG0000014219219,7812131.26415094
ENSG00000175445,ENSG0000014219220,7812131.26415094
ENSG00000204305,ENSG0000014219221,7812131.26415094
ENSG000001827182,ENSG0000014219222,7812131.26415094
ENSG00000073712,ENSG0000014219223,7812131.26415094
ENSG000001426271,ENSG0000014219224,7812131.26415094
ENSG00000131981,ENSG0000014219225,7812131.26415094
ENSG00000166479,ENSG0000014219226,7812131.26415094
ENSG00000135077,ENSG0000014219227,7812131.26415094
ENSG00000120156,ENSG0000014219228,7812131.26415094
ENSG00000185483,ENSG0000014219229,7812131.26415094
ENSG00000126803,ENSG0000014219230,7812131.26415094
ENSG00000203747,ENSG0000014219231,7812131.26415094
ENSG000001641111,ENSG0000014219232,7812131.26415094
ENSG00000162552,ENSG0000014219233,7812131.26415094
ENSG000001668623,ENSG0000014219234,7812131.26415094
ENSG000000914091,ENSG0000014219235,7812131.26415094
ENSG00000109321,ENSG0000014219236,7812131.26415094
ENSG00000115602,ENSG0000014219237,7812131.26415094
ENSG000001670041,ENSG0000014219238,7812131.26415094
ENSG000001421926,ENSG000000808151,7812131.26415094
ENSG000000808151,ENSG000001894031,514870.214285714
ENSG000001616384,ENSG0000015009313,424538
ENSG0000015009312,ENSG000001370763,846291.857142857
ENSG000001443812,ENSG00000044574,1020138
ENSG000000445741,ENSG00000185624,701492.090909091
ENSG000001443813,ENSG0000015009314,1020138
ENSG00000168003,ENSG000000265081,187613.524390244
ENSG000000445742,ENSG000000963844,7610777.16981132
ENSG000000445743,ENSG000001670043,68069.4848484848
ENSG000001856241,ENSG00000155660,701492.090909091
ENSG000001443814,ENSG000000963845,7610777.16981132
ENSG000001680031,ENSG000000492454,187613.524390244
ENSG00000110195,ENSG000001046871,315883.754716981
ENSG0000014664810,ENSG00000073921,1270118.21428571
ENSG00000137312,ENSG00000101294,774313.679245283
ENSG000001373121,ENSG000000739211,1270118.21428571
ENSG000001373122,ENSG00000169223,774313.679245283
ENSG000001792185,ENSG000001856241,1101799.09090909
ENSG00000134250,ENSG00000011422,464670.987804878
ENSG00000023839,ENSG000000739212,1270118.21428571
ENSG000000445744,ENSG000001000972,529257.071428571
ENSG000001963521,ENSG000000739213,1270118.21428571
ENSG00000170558,ENSG000001556601,256951.909090909
ENSG000000680782,ENSG000000680781,12241
ENSG000001421927,ENSG0000014219239,7812131.26415094
ENSG0000014664811,ENSG000001966891,79330.7307692308
ENSG000001966891,ENSG000001466486,79330.7307692308
ENSG000000808152,ENSG000000808152,514870.214285714
ENSG000000860621,ENSG000000860621,168454.454545455
ENSG000000722744,ENSG000000860622,185744
ENSG000001792186,ENSG000002045921,1101799.09090909
ENSG0000014664812,ENSG000000963846,7610777.16981132
ENSG0000014664813,ENSG000000445741,79330.7307692308
ENSG00000008710,ENSG00000008710,13359407.0909091
ENSG000000087101,ENSG00000107593,13359407.0909091
ENSG000001974427,ENSG000001979713,60460048.8571429
ENSG000001301641,ENSG000000445742,107734.396226415
ENSG000001301642,ENSG000001556602,256951.909090909
ENSG000001670042,ENSG0000014219240,7812131.26415094
ENSG000001718671,ENSG000000445743,49276.3962264151
ENSG000001754451,ENSG000001754451,159887.038461538
ENSG000001754452,ENSG000001792184,1101799.09090909
ENSG000001670043,ENSG000000058845,287549.409090909
ENSG000001670044,ENSG000000914092,68069.4848484848
ENSG000001670045,ENSG0000015009315,424538
ENSG000001670046,ENSG000000827811,244106.714285714
ENSG000001670047,ENSG000001301642,107734.396226415
ENSG000001670048,ENSG000001208858,6148581.37735849
ENSG000001670049,ENSG00000151694,68069.4848484848
ENSG0000016700410,ENSG00000137845,536406.272727273
ENSG0000016700411,ENSG000001556603,256951.909090909
ENSG000001181373,ENSG000001181375,99.9423076923077
ENSG000001181374,ENSG000001208859,6148581.37735849
ENSG000001181375,ENSG000001715607,4419.92857142857
ENSG000001626922,ENSG00000115232,90112.2727272727
ENSG000001626923,ENSG000001000973,529257.071428571
ENSG000001626924,ENSG000000748001,1308062.94230769
ENSG000001626925,ENSG000001350462,60519.1818181818
ENSG000001626926,ENSG000001443812,1020138
ENSG000001626927,ENSG000001470657,717411.727272727
ENSG000001626928,ENSG000001827183,60519.1818181818
ENSG000001626929,ENSG0000015009316,424538
ENSG0000016269210,ENSG000001370764,846291.857142857
ENSG0000016269211,ENSG000000722744,185744
ENSG0000016269212,ENSG000000739214,1270118.21428571
ENSG0000016269213,ENSG000001670852,268440.924528302
ENSG0000016269214,ENSG000002150211,426742.490566038
ENSG0000016269215,ENSG000000963847,7610777.16981132
ENSG00000108561,ENSG000001443813,1020138
ENSG000001085611,ENSG000001670853,268440.924528302
ENSG000001085612,ENSG000002150212,426742.490566038
ENSG00000169174,ENSG00000186318,81359.5
ENSG00000167207,ENSG00000167207,6135.21212121212
ENSG0000014664814,ENSG000001370765,846291.857142857
ENSG000001491771,ENSG00000149177,350688.490566038
ENSG000002328108,ENSG0000006718211,169129.666666667
ENSG000001825334,ENSG00000183873,43109.3939393939
ENSG00000115232,ENSG000000963848,7610777.16981132
ENSG000001152321,ENSG00000162692,90112.2727272727
ENSG000001152322,ENSG000001370766,846291.857142857
ENSG000001152323,ENSG000001443814,1020138
ENSG000001152324,ENSG000000739215,1270118.21428571
ENSG000001152325,ENSG000001350463,90112.2727272727
ENSG000001152326,ENSG000002150213,426742.490566038
ENSG000001152327,ENSG000001670854,268440.924528302
ENSG000001152328,ENSG000001152321,90112.2727272727
ENSG000001152329,ENSG000001827184,90112.2727272727
ENSG0000011523210,ENSG000001470658,717411.727272727
ENSG0000011523211,ENSG000000722745,185744
ENSG0000011523212,ENSG000000748002,1308062.94230769
ENSG0000011523213,ENSG000001000974,529257.071428571
ENSG0000011523214,ENSG000001894032,90112.2727272727
ENSG000000016262,ENSG000000016261,12918.2857142857
ENSG000000016263,ENSG00000126803,523522.428571429
ENSG000000016264,ENSG000000087101,13359407.0909091
ENSG000000016265,ENSG000000963849,7610777.16981132
ENSG000000016266,ENSG000001319812,178376.622641509
ENSG000000016267,ENSG000001443815,1020138
ENSG000000016268,ENSG000000850631,119432.566037736
ENSG000000016269,ENSG000001198881,84060.2121212121
ENSG0000000162610,ENSG00000169306,182685.363636364
ENSG0000000162611,ENSG000000445744,12918.2857142857
ENSG000001181376,ENSG000001181376,99.9423076923077
ENSG0000014664815,ENSG000001466487,79330.7307692308
ENSG000000680783,ENSG000000680782,12241
ENSG000001792187,ENSG000000058846,1101799.09090909
ENSG000001670852,ENSG0000009638410,7610777.16981132
ENSG000001792188,ENSG000002045922,1101799.09090909
ENSG000001792189,ENSG000001792185,1101799.09090909
ENSG0000010679910,ENSG000001069913,120828.090909091
ENSG000001069916,ENSG000001067998,120828.090909091
ENSG000001069917,ENSG00000139567,121903.214285714
ENSG00000139567,ENSG000001069914,121903.214285714
ENSG000001069918,ENSG000001067999,120828.090909091
ENSG000001069919,ENSG000001635139,198907.857142857
ENSG00000166250,ENSG00000166250,2005
ENSG000001215942,ENSG000000643001,35525
ENSG000001215943,ENSG00000178562,14797.5151515152
ENSG000001215944,ENSG000001635992,14797.5151515152
ENSG000001168245,ENSG000001168151,36963.8484848485
ENSG000000793852,ENSG00000079385,4253.27272727273
ENSG000000793853,ENSG000001244691,4253.27272727273
ENSG000001635993,ENSG000001140131,40939.7142857143
ENSG000001635994,ENSG000001215943,14797.5151515152
ENSG000001170901,ENSG00000117090,1689.375
ENSG0000010699110,ENSG000001196994,339674.928571429
ENSG00000181092,ENSG000001003114,125216.603773585
ENSG000001219662,ENSG000001856242,701492.090909091
ENSG000001219663,ENSG000000106103,5874.51515151515
ENSG000001221946,ENSG000001443816,1020138
ENSG000002411861,ENSG000000445745,6370.27272727273
ENSG000000671825,ENSG000002328102,169129.666666667
ENSG000001319811,ENSG000001466488,178376.622641509
ENSG000001470654,ENSG000000903392,717411.727272727
ENSG000001470655,ENSG000001626921,717411.727272727
ENSG000000903393,ENSG00000124610,1555.5
ENSG000001974428,ENSG000001974426,466820.038461538
ENSG0000017921810,ENSG000001670044,1101799.09090909
ENSG000001810921,ENSG00000181092,2738.79245283019
ENSG000002328109,ENSG0000006718212,169129.666666667
ENSG000000992502,ENSG0000016351310,212032.47826087
ENSG000000992503,ENSG0000010679910,212032.47826087
ENSG000000992504,ENSG000001127157,470865.211538462
ENSG000000261039,ENSG000000261037,19039.3414634146
ENSG000000992505,ENSG00000130300,212032.47826087
ENSG00000130300,ENSG00000099250,212032.47826087
ENSG00000181104,ENSG00000101000,25063.8181818182
ENSG00000101000,ENSG00000181104,25063.8181818182
ENSG000001395671,ENSG0000010679911,121903.214285714
ENSG0000010679911,ENSG000001395671,121903.214285714
ENSG000001244791,ENSG00000174804,147310.56097561
ENSG00000174804,ENSG00000124479,147310.56097561
ENSG000001748041,ENSG000001244791,147310.56097561
ENSG000001244792,ENSG000001244792,147310.56097561
ENSG000001810922,ENSG000001810921,2738.79245283019
ENSG000000992506,ENSG000001003115,212032.47826087
ENSG000001127154,ENSG000000992501,470865.211538462
ENSG000000671826,ENSG000002328103,169129.666666667
ENSG000001127155,ENSG000000992502,470865.211538462
ENSG000001127156,ENSG000000992503,470865.211538462
ENSG000001022451,ENSG00000101017,91890.7727272727
ENSG0000014664816,ENSG000001466489,79330.7307692308
ENSG0000014664817,ENSG000001000975,529257.071428571
ENSG0000014664818,ENSG000001319813,178376.622641509
ENSG0000014664819,ENSG000000445746,79330.7307692308
ENSG0000014664820,ENSG000001268031,523522.428571429
ENSG0000014664821,ENSG0000009638411,7610777.16981132
ENSG0000014664822,ENSG000001670045,79330.7307692308
ENSG0000014664823,ENSG000001856243,701492.090909091
ENSG000001077795,ENSG000001077796,37566.1363636364
ENSG0000023281010,ENSG0000006718213,169129.666666667
ENSG0000023281011,ENSG0000006718214,169129.666666667
ENSG000001989102,ENSG000000992504,1129819
ENSG000001348539,ENSG00000131015,385376.75
ENSG00000169504,ENSG0000009638412,7610777.16981132
ENSG00000085563,ENSG000000106104,227182.857142857
ENSG000001139051,ENSG0000006718215,169129.666666667
ENSG0000013485310,ENSG0000016351311,385376.75
ENSG000000671827,ENSG0000006718216,169129.666666667
ENSG000000992507,ENSG0000010679912,212032.47826087
ENSG000000992508,ENSG0000016351312,212032.47826087
ENSG000000992509,ENSG000000697021,212032.47826087
ENSG000001635139,ENSG000000992505,212032.47826087
ENSG0000010679912,ENSG000000992506,212032.47826087
ENSG00000151694,ENSG0000006718217,169129.666666667
ENSG0000023281012,ENSG0000006718218,169129.666666667
ENSG00000163251,ENSG00000070018,222090.226415094
ENSG0000010699111,ENSG000001069915,43367.7142857143
ENSG0000009925010,ENSG000001127158,470865.211538462
ENSG0000014664824,ENSG000000850632,119432.566037736
ENSG000001323291,ENSG000001323291,474143.75
ENSG0000014664825,ENSG0000014664810,79330.7307692308
ENSG00000182220,ENSG00000182220,1728401.05660377
ENSG0000014664826,ENSG000001680031,187613.524390244
ENSG0000014664827,ENSG00000170017,968445.357142857
ENSG0000014664828,ENSG000000903393,79330.7307692308
ENSG00000121989,ENSG00000163217,13517.5909090909
ENSG000002042176,ENSG000001632171,978772.150943396
ENSG00000166825,ENSG00000166825,23213.7446808511
ENSG000001965491,ENSG000001965491,264256.574468085
ENSG00000130234,ENSG00000130234,3251.78571428571
ENSG000001384481,ENSG000001378013,117133.5
ENSG0000015009313,ENSG000001378014,424538
ENSG000002592074,ENSG000001378015,5783.30303030303
ENSG00000101670,ENSG00000101670,37166.0909090909
ENSG000001470656,ENSG00000162909,717411.727272727
ENSG00000155660,ENSG000001629091,327030.318181818
ENSG000000737121,ENSG000000233181,185153.75
ENSG000001470657,ENSG000000445747,717411.727272727
ENSG000001046871,ENSG000001443817,1020138
ENSG000001556601,ENSG000001470659,717411.727272727
ENSG000001443815,ENSG000001670046,1020138
ENSG000000700182,ENSG000001250841,222090.226415094
ENSG00000112964,ENSG00000112964,60591.1818181818
ENSG00000168685,ENSG000001574043,352043.652173913
ENSG000001574042,ENSG00000168685,352043.652173913
ENSG000001319812,ENSG00000185896,351890.928571429
ENSG0000023281013,ENSG0000006718219,169129.666666667
ENSG000000058842,ENSG000001426271,287549.409090909
ENSG0000015009314,ENSG000001426272,424538
ENSG000002592075,ENSG000001426273,29449.9696969697
ENSG000000827812,ENSG000001426274,244106.714285714
ENSG000001384482,ENSG000001426275,117133.5
ENSG000000445745,ENSG000000445748,4559.92307692308
ENSG0000014664829,ENSG000001426276,79330.7307692308
ENSG000002042873,ENSG000001567383,751797.333333333
ENSG000001208859,ENSG000000445749,6148581.37735849
ENSG000001421928,ENSG000001863181,7812131.26415094
ENSG000001667102,ENSG000001667102,279595.071428571
ENSG000001667103,ENSG0000010984615,1053329.21428571
ENSG0000012088510,ENSG0000004457410,6148581.37735849
ENSG0000023281014,ENSG0000006718220,169129.666666667
ENSG0000014664830,ENSG00000057019,79330.7307692308
ENSG0000010984615,ENSG0000010984616,1053329.21428571
ENSG000000963841,ENSG0000009638413,7610777.16981132
ENSG00000198121,ENSG00000132470,2210040.64285714
ENSG000000808153,ENSG0000010679913,514870.214285714
ENSG0000010679913,ENSG000000808153,514870.214285714
ENSG000001691741,ENSG000001556604,256951.909090909
ENSG000001301643,ENSG00000169174,107734.396226415
ENSG00000167601,ENSG00000092445,1478058.96226415
ENSG0000010984616,ENSG0000010984617,1053329.21428571
ENSG000001319813,ENSG000001319814,178376.622641509
ENSG000001690712,ENSG00000169071,31377.7575757576
ENSG000001856242,ENSG000001856244,701492.090909091
ENSG000001034965,ENSG000001034962,399216.285714286
ENSG000001034966,ENSG00000139190,399216.285714286
ENSG000001034967,ENSG000001175331,399216.285714286
ENSG000001034968,ENSG000000492455,399216.285714286
ENSG000001034969,ENSG00000168899,399216.285714286
ENSG000001656751,ENSG000001206581,96252.7735849057
ENSG000001260162,ENSG000001260161,388395.849056604
ENSG000000748001,ENSG000001350464,1308062.94230769
ENSG000000748002,ENSG00000196535,1308062.94230769
ENSG000000102787,ENSG000001342474,320306.285714286
ENSG00000134247,ENSG000000102788,320306.285714286
ENSG00000108219,ENSG000001378451,536406.272727273
ENSG00000099282,ENSG000001378452,536406.272727273
ENSG00000158457,ENSG000001378453,536406.272727273
ENSG000001354045,ENSG00000115884,3580.85714285714
ENSG0000009925011,ENSG000001003116,212032.47826087
ENSG000001137213,ENSG000001003117,454368.075471698
ENSG0000014664831,ENSG0000014664811,79330.7307692308
ENSG0000014664832,ENSG00000046604,79330.7307692308
ENSG0000014664833,ENSG000000722746,185744
ENSG0000014664834,ENSG000001680032,187613.524390244
ENSG0000014664835,ENSG00000157916,79330.7307692308
ENSG0000014664836,ENSG000001208896,79330.7307692308
ENSG0000014664837,ENSG000001792186,1101799.09090909
ENSG0000014664838,ENSG00000127837,462643.943396226
ENSG0000014664839,ENSG0000012088510,6148581.37735849
ENSG0000014664840,ENSG0000009638414,7610777.16981132
ENSG0000014664841,ENSG000001348535,385376.75
ENSG0000014664842,ENSG0000006718221,169129.666666667
ENSG0000014664843,ENSG00000163235,200686.071428571
ENSG0000014664844,ENSG00000179776,156721.428571429
ENSG0000014664845,ENSG0000014219241,7812131.26415094
ENSG000001219664,ENSG000001667103,279595.071428571
ENSG000000827813,ENSG000001616384,244106.714285714
ENSG000002592076,ENSG000001616385,11723
ENSG000001355032,ENSG000001219893,671394.452830189
ENSG0000023281015,ENSG0000006718222,169129.666666667
ENSG000001010173,ENSG000001010171,91890.7727272727
ENSG000001421929,ENSG0000014219242,7812131.26415094
ENSG000000195822,ENSG00000223865,2000263.5
ENSG000002042874,ENSG000000570191,751797.333333333
ENSG000002042875,ENSG00000196126,751797.333333333
ENSG000002042876,ENSG00000073060,751797.333333333
ENSG000002042877,ENSG00000126243,751797.333333333
ENSG000001319814,ENSG00000085563,227182.857142857
ENSG000001319815,ENSG000001700171,968445.357142857
ENSG000001319816,ENSG00000156535,178376.622641509
ENSG000001319817,ENSG000002139491,178376.622641509
ENSG000001319818,ENSG000001491771,350688.490566038
ENSG000001319819,ENSG000001168152,178376.622641509
ENSG0000013198110,ENSG00000173546,178376.622641509
ENSG0000013198111,ENSG00000173706,340857.571428571
ENSG0000013198112,ENSG00000152894,704488.226415094
ENSG0000013198113,ENSG00000156642,3001235.67924528
ENSG0000013198114,ENSG00000197965,178376.622641509
ENSG0000013198115,ENSG000001342475,224765.79245283
ENSG0000013198116,ENSG000001354041,178376.622641509
ENSG0000013198117,ENSG000001095722,1079812.03773585
ENSG0000013198118,ENSG00000186907,178376.622641509
ENSG000000492492,ENSG00000141424,291867.424242424
ENSG000001093211,ENSG000000903394,2554.65217391304
ENSG000001093212,ENSG000001093211,2554.65217391304
ENSG00000080822,ENSG000001077797,37566.1363636364
ENSG00000231389,ENSG000002046422,440402.03030303
ENSG000002313891,ENSG00000128011,440402.03030303
ENSG000002313892,ENSG000000730601,440402.03030303
ENSG000002313893,ENSG0000012088511,6148581.37735849
ENSG000002313894,ENSG00000196371,440402.03030303
ENSG000002313895,ENSG000001734023,440402.03030303
ENSG000002313896,ENSG000001579161,440402.03030303
ENSG000002313897,ENSG00000116106,1048692.24528302
ENSG000002313898,ENSG000002238651,440402.03030303
ENSG000001584571,ENSG0000014706510,717411.727272727
ENSG00000158485,ENSG00000168615,318235.773584906
ENSG000001584851,ENSG000001667104,279595.071428571
ENSG000001584852,ENSG000001262431,118955.943396226
ENSG000001961262,ENSG000001961261,82389.5
ENSG0000016351310,ENSG000001219894,198907.857142857
ENSG0000016351311,ENSG000001077798,198907.857142857
ENSG0000016351312,ENSG00000160305,686905.681818182
ENSG0000016351313,ENSG000001355032,671394.452830189
ENSG00000070193,ENSG000001246101,15847.1818181818
ENSG00000173621,ENSG000001965351,175185.954545455
ENSG00000169604,ENSG0000004457411,509488.454545455
ENSG000001696041,ENSG000001142511,509488.454545455
ENSG00000140545,ENSG000000827812,244106.714285714
ENSG000000114223,ENSG00000113273,83986.9245283019
ENSG00000136943,ENSG000002238652,140593.515151515
ENSG00000163823,ENSG000001426277,29449.9696969697
ENSG00000169313,ENSG000001319815,178376.622641509
ENSG000001693131,ENSG00000099282,226376.214285714
ENSG000001170902,ENSG000001000976,529257.071428571
ENSG000001170903,ENSG00000169604,509488.454545455
ENSG000002045921,ENSG000002046423,303454.939393939
ENSG000002045922,ENSG000002238653,303454.939393939
ENSG000002045923,ENSG00000196576,1699229.95454545
ENSG000002045924,ENSG000000914093,303454.939393939
ENSG00000169223,ENSG000001965761,1699229.95454545
ENSG00000204642,ENSG000001667105,279595.071428571
ENSG00000152894,ENSG00000117298,704488.226415094
ENSG000001528941,ENSG00000171105,704488.226415094
ENSG000001528942,ENSG000001565351,704488.226415094
ENSG000001528943,ENSG000000730602,704488.226415094
ENSG000001528944,ENSG000001686151,704488.226415094
ENSG000001528945,ENSG0000014664812,704488.226415094
ENSG000001528946,ENSG000001965762,1699229.95454545
ENSG000001528947,ENSG000000779431,704488.226415094
ENSG000001528948,ENSG000001132731,704488.226415094
ENSG000001528949,ENSG000000570192,704488.226415094
ENSG0000015289410,ENSG000001043686,704488.226415094
ENSG0000015289411,ENSG000001152322,704488.226415094
ENSG0000015289412,ENSG000001142512,704488.226415094
ENSG0000015289413,ENSG00000068001,704488.226415094
ENSG00000127837,ENSG000001302341,462643.943396226
ENSG000002043051,ENSG000000992507,212032.47826087
ENSG000001543421,ENSG0000004457412,4559.92307692308
ENSG00000120889,ENSG000000492456,77647.3571428571
ENSG000001636001,ENSG000002328104,717.818181818182
ENSG000001981211,ENSG000000924451,2210040.64285714
ENSG000001981212,ENSG00000090020,2210040.64285714
ENSG000001981213,ENSG00000167191,2210040.64285714
ENSG000001981214,ENSG00000196776,2210040.64285714
ENSG000001981215,ENSG000001319816,2210040.64285714
ENSG000001981216,ENSG00000136802,2210040.64285714
ENSG0000023281016,ENSG000001734024,32607.6818181818
ENSG0000023281017,ENSG0000012088512,6148581.37735849
ENSG0000023281018,ENSG000000992508,212032.47826087
ENSG0000023281019,ENSG000000860623,168454.454545455
ENSG0000023281020,ENSG0000006718223,169129.666666667
ENSG000001625521,ENSG0000004457413,4559.92307692308
ENSG000001625522,ENSG000001142513,57470.5757575758
ENSG00000258227,ENSG00000103855,87243.3962264151
ENSG00000101448,ENSG00000012223,38209.8484848485
ENSG000001014481,ENSG0000012088513,6148581.37735849
ENSG0000012088511,ENSG000000122231,6148581.37735849
ENSG0000012088512,ENSG00000101448,6148581.37735849
ENSG0000010679914,ENSG0000016351313,198907.857142857
ENSG000001856243,ENSG000001856245,701492.090909091
ENSG0000013198119,ENSG0000015009317,424538
ENSG0000013198120,ENSG000001680033,187613.524390244
ENSG0000013198121,ENSG0000009638415,7610777.16981132
ENSG0000013198122,ENSG00000079215,338891.211538462
ENSG0000013198123,ENSG000001172981,178376.622641509
ENSG000002592077,ENSG000001856246,701492.090909091
ENSG00000078549,ENSG0000012088514,6148581.37735849
ENSG0000012088513,ENSG00000078549,6148581.37735849
ENSG0000010984617,ENSG0000010984618,1053329.21428571
ENSG000001984001,ENSG000001348536,385376.75
ENSG000001984002,ENSG000001355033,671394.452830189
ENSG000001984003,ENSG000000122232,45453.5714285714
ENSG000001984004,ENSG000000551183,473714.727272727
ENSG000001984005,ENSG000001137218,454368.075471698
ENSG000001984006,ENSG0000014664813,79330.7307692308
ENSG000001984007,ENSG000001426278,45453.5714285714
ENSG000001984008,ENSG000001984001,45453.5714285714
ENSG000001984009,ENSG00000182168,163180.142857143
ENSG0000019840010,ENSG000001690711,45453.5714285714
ENSG0000019840011,ENSG000001629092,327030.318181818
ENSG0000019840012,ENSG000001384482,117133.5
ENSG0000019840013,ENSG00000073712,185153.75
ENSG0000019840014,ENSG000001965763,1699229.95454545
ENSG0000019840015,ENSG00000166479,576923.603773585
ENSG0000019840016,ENSG000000739216,1270118.21428571
ENSG0000019840017,ENSG00000108561,45453.5714285714
ENSG0000019840018,ENSG000000855631,227182.857142857
ENSG0000019840019,ENSG00000143061,45453.5714285714
ENSG0000019840020,ENSG000002150214,426742.490566038
ENSG000001000974,ENSG000001827185,529257.071428571
ENSG000000748003,ENSG000001792187,1308062.94230769
ENSG000000963842,ENSG000001792188,7610777.16981132
ENSG000001470658,ENSG000001792189,1101799.09090909
ENSG0000016700412,ENSG0000017921810,1101799.09090909
ENSG000001695041,ENSG000001734025,968125.785714286
ENSG000001470659,ENSG000000748003,1308062.94230769
ENSG000000963843,ENSG000001443818,7610777.16981132
ENSG000001856244,ENSG000001443819,1020138
ENSG000001616385,ENSG0000015009318,424538
ENSG000001384483,ENSG0000015009319,424538
ENSG00000073921,ENSG0000015009320,1270118.21428571
ENSG000001616386,ENSG000002592074,11723
ENSG000002150211,ENSG000001000977,529257.071428571
ENSG0000014706510,ENSG00000134250,717411.727272727
ENSG0000017921811,ENSG000001856247,1101799.09090909
ENSG000001695042,ENSG000001856248,968125.785714286
ENSG000000748004,ENSG000001856249,1308062.94230769
ENSG000000963844,ENSG0000018562410,7610777.16981132
ENSG0000014706511,ENSG0000018562411,717411.727272727
ENSG0000016700413,ENSG0000018562412,701492.090909091
ENSG000001556602,ENSG0000018562413,701492.090909091
ENSG000001641112,ENSG000001670047,511758.571428571
ENSG000002150212,ENSG000001670855,426742.490566038
ENSG000000737122,ENSG000000739217,1270118.21428571
ENSG0000019840021,ENSG00000134243,388739.5
ENSG0000019840022,ENSG000001670856,268440.924528302
ENSG0000019840023,ENSG000000722747,185744
ENSG0000019840024,ENSG00000164022,220386.528301887
ENSG0000019840025,ENSG000001711051,112225.727272727
ENSG0000019840026,ENSG00000167178,135940.863636364
ENSG0000019840027,ENSG000001368021,128658.396226415
ENSG0000019840028,ENSG00000089248,312022.181818182
ENSG0000019840029,ENSG00000169504,968125.785714286
ENSG0000019840030,ENSG00000104853,717832.79245283
ENSG0000019840031,ENSG0000004457414,45453.5714285714
ENSG0000019840032,ENSG000001680034,187613.524390244
ENSG0000019840033,ENSG0000009638416,7610777.16981132
ENSG0000019840034,ENSG000000233182,97672.3333333333
ENSG0000019840035,ENSG000001827186,58016.4545454545
ENSG0000019840036,ENSG000001670048,68069.4848484848
ENSG0000019840037,ENSG000001046872,315883.754716981
ENSG0000019840038,ENSG00000006451,170935.886792453
ENSG0000019840039,ENSG00000170558,149303.886792453
ENSG0000019840040,ENSG0000014438110,1020138
ENSG0000019840041,ENSG00000101474,45453.5714285714
ENSG0000019840042,ENSG000001492941,2245848.35714286
ENSG0000019840043,ENSG0000015009321,424538
ENSG0000019840044,ENSG0000018562414,701492.090909091
ENSG0000019840045,ENSG000001692231,91552.7735849057
ENSG0000019840046,ENSG00000119912,127402.660377358
ENSG0000019840047,ENSG0000017921811,1101799.09090909
ENSG0000019840048,ENSG000001894033,62041.2727272727
ENSG0000019840049,ENSG000001641112,511758.571428571
ENSG0000019840050,ENSG000001015571,168267.132075472
ENSG0000019840051,ENSG000001556605,256951.909090909
ENSG0000019840052,ENSG000000911291,1063410.62264151
ENSG0000019840053,ENSG00000125166,548772.018867925
ENSG0000019840054,ENSG000001989101,1129819
ENSG0000019840055,ENSG000001700172,968445.357142857
ENSG0000019840056,ENSG000001370767,846291.857142857
ENSG0000019840057,ENSG000000748004,1308062.94230769
ENSG000001785621,ENSG000001215944,14797.5151515152
ENSG00000078098,ENSG00000196839,29018.2075471698
ENSG000000780981,ENSG00000197635,23063.1509433962
ENSG000000780982,ENSG000001670857,268440.924528302
ENSG000000780983,ENSG000002150215,426742.490566038
ENSG000000780984,ENSG000001540961,4250962.50943396
ENSG00000197635,ENSG000000780981,23063.1509433962
ENSG000001976351,ENSG000001968391,29018.2075471698
ENSG0000014219210,ENSG0000016351314,7812131.26415094
ENSG0000014219211,ENSG000000034361,7812131.26415094
ENSG0000014219212,ENSG00000170989,7812131.26415094
ENSG0000016351314,ENSG0000010679914,198907.857142857
ENSG0000010679915,ENSG0000016351315,198907.857142857
ENSG000001989103,ENSG00000151150,2549572.59090909
ENSG00000072571,ENSG00000140945,151343.679245283
ENSG00000196535,ENSG000001827187,175185.954545455
ENSG000001822201,ENSG000000850633,1728401.05660377
ENSG0000013485311,ENSG0000012088515,6148581.37735849
ENSG000001822202,ENSG00000135678,1728401.05660377
ENSG000001342431,ENSG000001735461,388739.5
ENSG0000013485312,ENSG000000466041,385376.75
ENSG000001965351,ENSG000000466042,175185.954545455
ENSG000001822203,ENSG000000748005,1728401.05660377
ENSG0000012088514,ENSG000001670049,6148581.37735849
ENSG000001822204,ENSG0000016700410,1728401.05660377
ENSG000001822205,ENSG000001000978,1728401.05660377
ENSG000001822206,ENSG000000064511,1728401.05660377
ENSG0000013485313,ENSG000000722748,385376.75
ENSG000001822207,ENSG000000722749,1728401.05660377
ENSG000001426272,ENSG0000010679915,120828.090909091
ENSG00000196338,ENSG0000010679916,120828.090909091
ENSG000001342432,ENSG000001370768,846291.857142857
ENSG000001965352,ENSG000000739218,1270118.21428571
ENSG0000013485314,ENSG000001373121,774313.679245283
ENSG000001822208,ENSG000001373122,1728401.05660377
ENSG000001342433,ENSG00000064687,388739.5
ENSG000001077796,ENSG000001350465,37566.1363636364
ENSG000001077797,ENSG00000130303,149259.451219512
ENSG000001077798,ENSG000000265082,100532.463414634
ENSG000001373123,ENSG000000265083,774313.679245283
ENSG000001077799,ENSG000001356781,37566.1363636364
ENSG0000014706512,ENSG00000101160,717411.727272727
ENSG0000010777910,ENSG000000466043,37566.1363636364
ENSG000001373124,ENSG000000466044,774313.679245283
ENSG0000010777911,ENSG0000014664814,79330.7307692308
ENSG000001711051,ENSG0000016700411,112225.727272727
ENSG0000015009315,ENSG0000016700412,424538
ENSG0000010679916,ENSG0000016700413,120828.090909091
ENSG0000010777912,ENSG0000009638417,7610777.16981132
ENSG0000015009316,ENSG000001970811,424538
ENSG0000015009317,ENSG000000914094,424538
ENSG0000015009318,ENSG000002139492,424538
ENSG0000015009319,ENSG000000058847,424538
ENSG0000015009320,ENSG000001616386,424538
ENSG0000015009321,ENSG000001384483,424538
ENSG000001616387,ENSG0000015009322,424538
ENSG0000010777913,ENSG000001342501,464670.987804878
ENSG0000010777914,ENSG000001670858,268440.924528302
ENSG000001085613,ENSG000001670859,268440.924528302
ENSG0000010777915,ENSG0000007227410,185744
ENSG000001373125,ENSG0000007227411,774313.679245283
ENSG0000015009322,ENSG000001649301,424538
ENSG0000010777916,ENSG000001208897,37566.1363636364
ENSG0000010777917,ENSG000001556606,256951.909090909
ENSG0000010777918,ENSG000001373123,774313.679245283
ENSG000001085614,ENSG000001373124,774313.679245283
ENSG000001085615,ENSG000002150216,426742.490566038
ENSG0000010777919,ENSG000001565352,59796.303030303
ENSG000001373126,ENSG000001965352,774313.679245283
ENSG000001616388,ENSG000001965353,175185.954545455
ENSG000001181377,ENSG000001715608,4419.92857142857
ENSG0000017921812,ENSG0000014219243,7812131.26415094
ENSG0000017921813,ENSG000001667106,1101799.09090909
ENSG00000114013,ENSG000001635993,40939.7142857143
ENSG000001140131,ENSG000001215945,40939.7142857143
ENSG0000002610310,ENSG000001175605,19039.3414634146
ENSG000001715603,ENSG000001802104,7437
ENSG000000664684,ENSG000000701931,1238483.42857143
ENSG000000664685,ENSG000001078311,1238483.42857143
ENSG000000903394,ENSG000001715572,3415.85714285714
ENSG000001974429,ENSG000000261038,466820.038461538
ENSG0000019744210,ENSG0000014219244,7812131.26415094
ENSG000001376733,ENSG000001175606,1201.28048780488
ENSG00000197461,ENSG000001348537,385376.75
ENSG00000163235,ENSG000001516941,200686.071428571
ENSG000000671828,ENSG000002328105,169129.666666667
ENSG000001142511,ENSG000001632511,70768.2727272727
ENSG0000014664846,ENSG0000014219245,7812131.26415094
ENSG0000014664847,ENSG000001797761,156721.428571429
ENSG0000014664848,ENSG0000009638418,7610777.16981132
ENSG0000014664849,ENSG000001348538,385376.75
ENSG0000014664850,ENSG000001632351,200686.071428571
ENSG0000014664851,ENSG0000006718224,169129.666666667
ENSG00000056586,ENSG00000056586,425511.226415094
ENSG0000019840058,ENSG000000643002,45453.5714285714
ENSG000000963845,ENSG00000105976,7610777.16981132
ENSG0000023281021,ENSG0000006718225,169129.666666667
ENSG0000023281022,ENSG0000006718226,169129.666666667
ENSG0000014664852,ENSG0000004457415,79330.7307692308
ENSG0000014664853,ENSG000001680035,187613.524390244
ENSG0000014664854,ENSG000001350466,79330.7307692308
ENSG0000014664855,ENSG000001059761,148560.867924528
ENSG0000014664856,ENSG000001324701,293662.434782609
ENSG0000010984618,ENSG0000010984619,1053329.21428571
ENSG000001963381,ENSG00000163283,49974.4339622641
ENSG000001963382,ENSG000001000979,529257.071428571
ENSG000001016701,ENSG000001016701,37166.0909090909
ENSG00000183873,ENSG0000010984620,1053329.21428571
ENSG0000010984619,ENSG000001838731,1053329.21428571
ENSG000000059611,ENSG000002592075,79399.3636363636
ENSG000001384484,ENSG000001686152,318235.773584906
ENSG000000827814,ENSG000001686153,318235.773584906
ENSG000000664686,ENSG000001078312,1238483.42857143
ENSG000000664687,ENSG000000701932,1238483.42857143
ENSG0000010984620,ENSG0000010984621,1053329.21428571
ENSG0000010984621,ENSG0000014219246,7812131.26415094
ENSG0000019744211,ENSG000001974427,466820.038461538
ENSG000001181378,ENSG000001181377,99.9423076923077
ENSG000000265086,ENSG0000010679917,120828.090909091
ENSG000000265087,ENSG000000265084,100532.463414634
ENSG000000265088,ENSG0000014664815,100532.463414634
ENSG0000014664857,ENSG000000265085,100532.463414634
ENSG0000010679917,ENSG000000265086,120828.090909091
ENSG0000014664858,ENSG0000014664816,79330.7307692308
ENSG000000265089,ENSG0000014664817,100532.463414634
ENSG0000015009323,ENSG000001616387,424538
ENSG00000105976,ENSG0000014664818,148560.867924528
ENSG0000014664859,ENSG000001632352,200686.071428571
ENSG0000014664860,ENSG0000014664819,79330.7307692308
ENSG0000014664861,ENSG0000014664820,79330.7307692308
ENSG0000014664862,ENSG0000014664821,79330.7307692308
ENSG0000014664863,ENSG0000014664822,79330.7307692308
ENSG0000014664864,ENSG0000014664823,79330.7307692308
ENSG000001989104,ENSG0000014664824,1129819
ENSG0000019744212,ENSG000001974428,466820.038461538
ENSG0000015009324,ENSG000001384484,424538
ENSG000001059761,ENSG0000014664825,148560.867924528
ENSG000001059762,ENSG000001059762,148560.867924528
ENSG0000012088515,ENSG000001127159,6148581.37735849
ENSG000001127157,ENSG0000012088516,6148581.37735849
ENSG0000014664865,ENSG0000014664826,79330.7307692308
ENSG0000023281023,ENSG0000006718227,169129.666666667
ENSG0000014219213,ENSG0000014219247,7812131.26415094
ENSG0000010984622,ENSG0000014219248,7812131.26415094
ENSG0000013485315,ENSG000001003118,385376.75
ENSG000001137214,ENSG000001003119,454368.075471698
ENSG0000013485316,ENSG000001348539,385376.75
ENSG0000013485317,ENSG0000013485310,385376.75
ENSG0000013485318,ENSG000001974611,385376.75
ENSG0000013485319,ENSG0000010031110,385376.75
ENSG0000014664866,ENSG0000014664827,79330.7307692308
ENSG0000014664867,ENSG000001705581,149303.886792453
ENSG000001705581,ENSG0000014664828,149303.886792453
ENSG0000014664868,ENSG0000015009323,424538
ENSG0000014664869,ENSG0000014664829,79330.7307692308
ENSG0000014664870,ENSG0000014664830,79330.7307692308
ENSG000001632351,ENSG000001516942,200686.071428571
ENSG000000808154,ENSG000001705582,514870.214285714
ENSG0000014664871,ENSG00000196090,134526.018867925
ENSG0000014664872,ENSG000001650291,222719.057692308
ENSG0000014664873,ENSG0000014664831,79330.7307692308
ENSG0000014664874,ENSG000001894034,79330.7307692308
ENSG0000014664875,ENSG0000004457416,79330.7307692308
ENSG0000014664876,ENSG000001168153,79330.7307692308
ENSG0000014664877,ENSG000001976351,79330.7307692308
ENSG0000014664878,ENSG000001603051,686905.681818182
ENSG0000014664879,ENSG000001303001,79330.7307692308
ENSG000001963383,ENSG00000146938,49974.4339622641
ENSG000001093213,ENSG000001093212,2554.65217391304
ENSG000000664688,ENSG000000680783,1238483.42857143
ENSG000001142512,ENSG00000111186,57470.5757575758
ENSG000001963384,ENSG000001699921,1244549.45454545
ENSG0000013198124,ENSG000001735462,178376.622641509
ENSG000001981217,ENSG000000924452,2210040.64285714
ENSG0000013198125,ENSG000001491772,350688.490566038
ENSG0000013198126,ENSG000002139493,178376.622641509
ENSG00000154764,ENSG000001142514,60518.8301886792
ENSG000000671829,ENSG000002328106,169129.666666667
ENSG000001961263,ENSG000001961262,82389.5
ENSG000001639561,ENSG00000134569,351624.487804878
ENSG0000013198127,ENSG000001700173,968445.357142857
ENSG00000120457,ENSG00000162989,652794.245283019
ENSG0000013198128,ENSG000001565353,178376.622641509
ENSG000001350771,ENSG00000080822,42767.5
ENSG000001981218,ENSG000000900201,2210040.64285714
ENSG0000014219214,ENSG00000137573,7812131.26415094
ENSG000001405451,ENSG000000827813,244106.714285714
ENSG0000013198129,ENSG000000855632,227182.857142857
ENSG000001350772,ENSG000001603052,686905.681818182
ENSG0000006718210,ENSG000001671911,1028437.78571429
ENSG000001736211,ENSG0000010009710,529257.071428571
ENSG0000013198130,ENSG000001095723,1079812.03773585
ENSG00000105668,ENSG00000104290,557740.018867925
ENSG0000013198131,ENSG000001737061,340857.571428571
ENSG00000089248,ENSG000001132732,312022.181818182
ENSG00000170017,ENSG0000010009711,968445.357142857
ENSG0000002650810,ENSG000000664682,1238483.42857143
ENSG000002313899,ENSG000001963711,440402.03030303
ENSG0000016351315,ENSG000001077799,198907.857142857
ENSG000002582271,ENSG000001038551,87243.3962264151
ENSG0000015289414,ENSG000001132733,704488.226415094
ENSG000001884881,ENSG00000140564,377059.409090909
ENSG0000014219215,ENSG00000196562,7812131.26415094
ENSG00000131471,ENSG000000900202,200587.70212766
ENSG000001046892,ENSG000001208898,26533.4242424242
ENSG000001158842,ENSG000001426279,29449.9696969697
ENSG000001093214,ENSG000000903395,2554.65217391304
ENSG000001681401,ENSG000001342502,464670.987804878
ENSG000000701931,ENSG000001246102,15847.1818181818
ENSG0000012088516,ENSG000000779432,6148581.37735849
ENSG0000015289415,ENSG000001686154,704488.226415094
ENSG0000023281024,ENSG000001734026,32607.6818181818
ENSG0000015289416,ENSG000000779433,704488.226415094
ENSG000001350773,ENSG000001219895,42767.5
ENSG000001639562,ENSG000001301643,107734.396226415
ENSG000002042878,ENSG000000570193,751797.333333333
ENSG00000112149,ENSG000002042177,978772.150943396
ENSG00000174004,ENSG000001869071,38662
ENSG000000114224,ENSG000001132734,83986.9245283019
ENSG000001170904,ENSG000001354241,378380.326923077
ENSG0000013198132,ENSG000001869072,178376.622641509
ENSG00000110881,ENSG000001208899,227516.681818182
ENSG000001056681,ENSG000001572402,102747.272727273
ENSG000001625523,ENSG000001142515,57470.5757575758
ENSG00000056736,ENSG0000010777910,37566.1363636364
ENSG0000015289417,ENSG000000570194,704488.226415094
ENSG0000023138910,ENSG000001734027,440402.03030303
ENSG0000013198133,ENSG000001979651,178376.622641509
ENSG0000015289418,ENSG0000014664832,704488.226415094
ENSG000002045925,ENSG000000914095,303454.939393939
ENSG00000106483,ENSG0000017921812,1101799.09090909
ENSG000001056682,ENSG000001368022,128658.396226415
ENSG000001639563,ENSG000000814795,513744.785714286
ENSG000001016702,ENSG000000992509,212032.47826087
ENSG0000013198134,ENSG000001168154,178376.622641509
ENSG000001056683,ENSG00000177119,133207.304878049
ENSG000002042879,ENSG000000730603,751797.333333333
ENSG00000138623,ENSG000000900203,200587.70212766
ENSG000001981219,ENSG000001671912,2210040.64285714
ENSG000001137215,ENSG0000013485311,454368.075471698
ENSG0000015289419,ENSG000001565354,704488.226415094
ENSG0000015289420,ENSG000001142516,704488.226415094
ENSG0000019812110,ENSG000001219661,2210040.64285714
ENSG000001693132,ENSG000000992821,226376.214285714
ENSG0000015289421,ENSG000000730604,704488.226415094
ENSG000001797761,ENSG000001734028,156721.428571429
ENSG000001695043,ENSG000000903396,968125.785714286
ENSG000001350774,ENSG0000010777911,42767.5
ENSG00000185896,ENSG0000010009712,529257.071428571
ENSG0000023138911,ENSG000002238654,440402.03030303
ENSG000001584853,ENSG000001667107,279595.071428571
ENSG0000015289422,ENSG000001711052,704488.226415094
ENSG00000111432,ENSG000000992822,226376.214285714
ENSG000001709891,ENSG000001967761,431063.115384615
ENSG0000013198135,ENSG000001354042,178376.622641509
ENSG000001965492,ENSG000000860624,264256.574468085
ENSG00000115353,ENSG000001034963,399216.285714286
ENSG000001121491,ENSG0000010777912,172107.320754717
ENSG000001208891,ENSG000000492457,77647.3571428571
ENSG0000013198136,ENSG000001528941,704488.226415094
ENSG0000015289423,ENSG000000680011,704488.226415094
ENSG000001547641,ENSG0000004457417,60518.8301886792
ENSG000001638231,ENSG0000014262710,29449.9696969697
ENSG000001003111,ENSG000001085611,125216.603773585
ENSG000001059891,ENSG0000004457418,22523.3962264151
ENSG000001797762,ENSG000001280111,156721.428571429
ENSG000001681402,ENSG0000010009713,529257.071428571
ENSG0000015289424,ENSG000001172982,704488.226415094
ENSG0000016269216,ENSG000001181378,60519.1818181818
ENSG000001696042,ENSG000001142517,509488.454545455
ENSG000001692231,ENSG000001965764,1699229.95454545
ENSG00000163702,ENSG000001965765,1699229.95454545
ENSG000002411862,ENSG000001262432,118955.943396226
ENSG000001121492,ENSG000000664683,1238483.42857143
ENSG00000197971,ENSG000001199121,60460048.8571429
ENSG000002045926,ENSG000002046424,303454.939393939
ENSG0000001061010,ENSG000000492458,77647.3571428571
ENSG00000167191,ENSG000001034964,1028437.78571429
ENSG0000015289425,ENSG000001152323,704488.226415094
ENSG000001696043,ENSG0000004457419,509488.454545455
ENSG0000023281025,ENSG0000009925010,212032.47826087
ENSG000001715641,ENSG000001370769,846291.857142857
ENSG0000013198137,ENSG000001172983,178376.622641509
ENSG0000013198138,ENSG000001342476,224765.79245283
ENSG0000023281026,ENSG000001038552,87243.3962264151
ENSG000001046893,ENSG0000010777913,37566.1363636364
ENSG00000117533,ENSG000001034965,399216.285714286
ENSG0000012088517,ENSG000001699922,6148581.37735849
ENSG000001961264,ENSG000000914096,82389.5
ENSG0000002650811,ENSG0000010009714,529257.071428571
ENSG00000069493,ENSG000001709891,431063.115384615
ENSG000000567361,ENSG000002046425,125371.519230769
ENSG00000115594,ENSG0000012088910,96497
ENSG00000137507,ENSG0000004457420,38745
ENSG00000125810,ENSG000000808221,74379.4848484848
ENSG0000023281027,ENSG000000860625,168454.454545455
ENSG000001153531,ENSG000000992823,226376.214285714
ENSG00000135919,ENSG000001043687,802953.339622642
ENSG000001046894,ENSG000001219896,13610.7857142857
ENSG000001547642,ENSG0000017921813,1101799.09090909
ENSG000001584854,ENSG000001686155,318235.773584906
ENSG000002238651,ENSG000000892481,312022.181818182
ENSG000001114321,ENSG0000009925011,212032.47826087
ENSG000001056684,ENSG000001579162,74173.7735849057
ENSG000001278371,ENSG000001302342,462643.943396226
ENSG000001740041,ENSG0000004457421,4559.92307692308
ENSG000001155941,ENSG0000010777914,96497
ENSG00000135318,ENSG000001219662,78034.4242424242
ENSG000001736212,ENSG000001280112,23383.0377358491
ENSG000001014482,ENSG0000004457422,4559.92307692308
ENSG000000808221,ENSG0000010777915,37566.1363636364
ENSG0000023138912,ENSG0000012088517,6148581.37735849
ENSG00000105369,ENSG00000187244,196294.818181818
ENSG000001114322,ENSG0000010009715,529257.071428571
ENSG0000019812111,ENSG000001319817,2210040.64285714
ENSG00000188389,ENSG0000010777916,37566.1363636364
ENSG000001137216,ENSG0000010777917,454368.075471698
ENSG000001158843,ENSG000001492942,2245848.35714286
ENSG000001637021,ENSG000001354242,378380.326923077
ENSG000002238652,ENSG000001199122,140593.515151515
ENSG0000020428710,ENSG000001961263,751797.333333333
ENSG000001170905,ENSG000001686156,318235.773584906
ENSG000001584572,ENSG0000014706511,717411.727272727
ENSG000001625524,ENSG0000004457423,4559.92307692308
ENSG000001547643,ENSG000001301644,107734.396226415
ENSG00000064547,ENSG000001319818,178376.622641509
ENSG000001384485,ENSG000001152324,117133.5
ENSG000002592078,ENSG000001152325,90112.2727272727
ENSG000001384486,ENSG000001384485,117133.5
ENSG000002592079,ENSG000001384486,117133.5
ENSG000001384487,ENSG0000015009324,424538
ENSG0000025920710,ENSG0000015009325,424538
ENSG000001426273,ENSG0000014262711,29449.9696969697
ENSG0000014664880,ENSG0000014664833,79330.7307692308
ENSG0000014664881,ENSG0000014664834,79330.7307692308
ENSG0000014664882,ENSG000001130702,109184.285714286
ENSG0000002610311,ENSG000000261039,19039.3414634146
ENSG000001384488,ENSG000000827814,244106.714285714
ENSG000001342434,ENSG000001863182,388739.5
ENSG00000186318,ENSG000001342431,388739.5
ENSG00000101474,ENSG00000164066,315173.942307692
ENSG000001257301,ENSG000000915133,1556909.35714286
ENSG000001641113,ENSG0000016700414,511758.571428571
ENSG0000014664883,ENSG0000014664835,79330.7307692308
ENSG0000014664884,ENSG0000014664836,79330.7307692308
ENSG00000090020,ENSG000000900204,200587.70212766
ENSG000000900201,ENSG0000014438111,1020138
ENSG000000900202,ENSG0000010009716,529257.071428571
ENSG000000900203,ENSG0000014706512,717411.727272727
ENSG000000900204,ENSG0000018562415,701492.090909091
ENSG000000900205,ENSG000001641113,511758.571428571
ENSG000000900206,ENSG0000017921814,1101799.09090909
ENSG000000900207,ENSG0000013707610,846291.857142857
ENSG000000900208,ENSG000000748006,1308062.94230769
ENSG000000900209,ENSG0000004457424,200587.70212766
ENSG0000009002010,ENSG0000009638419,7610777.16981132
ENSG000001201561,ENSG00000120156,80571.0566037736
ENSG0000019840059,ENSG000001984002,45453.5714285714
ENSG000001059763,ENSG000001059763,148560.867924528
ENSG0000013485320,ENSG0000013485312,385376.75
ENSG0000015009325,ENSG0000013707611,846291.857142857
ENSG000001370763,ENSG0000015009326,846291.857142857
ENSG000001370764,ENSG000002592076,846291.857142857
ENSG000001370765,ENSG00000139626,846291.857142857
ENSG0000017921814,ENSG0000016700415,1101799.09090909
ENSG0000016700414,ENSG0000017921815,1101799.09090909
ENSG000001574043,ENSG000001574044,352043.652173913
ENSG00000182578,ENSG000001574045,352043.652173913
ENSG000000059612,ENSG000002592077,79399.3636363636
ENSG0000025920711,ENSG000000059611,79399.3636363636
ENSG000000059613,ENSG000002592078,79399.3636363636
ENSG000001370766,ENSG000002592079,846291.857142857
ENSG000000059614,ENSG0000025920710,79399.3636363636
ENSG000001825781,ENSG000001825781,121535.714285714
ENSG000001711052,ENSG000001711053,112225.727272727
ENSG0000025920712,ENSG000000059612,79399.3636363636
ENSG000000059615,ENSG0000025920711,79399.3636363636
ENSG000001616389,ENSG0000025920712,11723
ENSG0000014664885,ENSG0000014664837,79330.7307692308
ENSG000001715604,ENSG000000059613,79399.3636363636
ENSG000001715605,ENSG0000025920713,5783.30303030303
ENSG0000006718211,ENSG000002328107,169129.666666667
ENSG0000023281028,ENSG000002328108,31.9545454545455
ENSG000001718672,ENSG0000014438112,1020138
ENSG00000183454,ENSG000001768841,618543.754716981
ENSG00000105707,ENSG0000014664838,79330.7307692308
ENSG000000195823,ENSG000000265087,2000263.5
ENSG0000014664886,ENSG0000014664839,79330.7307692308
ENSG0000019744213,ENSG000001974429,466820.038461538
ENSG000001370767,ENSG000001616388,846291.857142857
ENSG000000059616,ENSG000001715573,79399.3636363636
ENSG0000025920713,ENSG000001715574,5783.30303030303
ENSG000001650292,ENSG000001181379,222719.057692308
ENSG000001181379,ENSG000001650292,222719.057692308
ENSG0000025920714,ENSG000001384487,117133.5
ENSG0000025920715,ENSG000000059614,79399.3636363636
ENSG0000006718212,ENSG000002328109,169129.666666667
ENSG000000680784,ENSG000001161061,1048692.24528302
ENSG000000664689,ENSG000001161062,1238483.42857143
ENSG0000014664887,ENSG0000014664840,79330.7307692308
ENSG0000000162612,ENSG0000014438113,1020138
ENSG0000000162613,ENSG000001350467,12918.2857142857
ENSG0000000162614,ENSG000001641114,511758.571428571
ENSG0000000162615,ENSG0000016700416,68069.4848484848
ENSG0000000162616,ENSG000000915134,1556909.35714286
ENSG0000000162617,ENSG000001198882,84060.2121212121
ENSG0000000162618,ENSG0000014706513,717411.727272727
ENSG0000000162619,ENSG000000016262,12918.2857142857
ENSG0000000162620,ENSG0000004457425,12918.2857142857
ENSG0000000162621,ENSG0000014664841,79330.7307692308
ENSG0000000162622,ENSG000001516943,50348.9245283019
ENSG0000000162623,ENSG000001085612,12918.2857142857
ENSG0000000162624,ENSG000000058848,287549.409090909
ENSG0000000162625,ENSG000001048531,717832.79245283
ENSG0000000162626,ENSG000001324702,293662.434782609
ENSG0000000162627,ENSG0000018562416,701492.090909091
ENSG0000000162628,ENSG000001556607,256951.909090909
ENSG0000000162629,ENSG000001629093,327030.318181818
ENSG0000000162630,ENSG000000748007,1308062.94230769
ENSG0000000162631,ENSG0000017921816,1101799.09090909
ENSG0000000162632,ENSG0000016708510,268440.924528302
ENSG0000000162633,ENSG00000125730,1377183.42857143
ENSG0000000162634,ENSG000001640221,220386.528301887
ENSG0000000162635,ENSG000001692232,91552.7735849057
ENSG0000000162636,ENSG000001667108,279595.071428571
ENSG0000000162637,ENSG000002045923,303454.939393939
ENSG0000000162638,ENSG000000903397,12918.2857142857
ENSG0000000162639,ENSG000001014741,13089.0454545455
ENSG0000000162640,ENSG000002046426,125371.519230769
ENSG0000000162641,ENSG0000015009327,424538
ENSG0000000162642,ENSG000001858961,351890.928571429
ENSG0000000162643,ENSG000000122233,38209.8484848485
ENSG0000000162644,ENSG000001965354,175185.954545455
ENSG000001426274,ENSG0000014262712,29449.9696969697
ENSG0000019744214,ENSG0000019744210,466820.038461538
ENSG000001059764,ENSG0000014262713,148560.867924528
ENSG0000013485321,ENSG0000014262714,385376.75
ENSG0000013485322,ENSG0000013485313,385376.75
ENSG00000176435,ENSG0000004457426,149527.357142857
ENSG0000014219216,ENSG0000012088518,7812131.26415094
ENSG0000012088518,ENSG0000014219249,7812131.26415094
ENSG0000002650812,ENSG000000265088,100532.463414634
ENSG0000002650813,ENSG0000014262715,100532.463414634
ENSG0000006646810,ENSG000000664684,1238483.42857143
ENSG00000035862,ENSG0000015009328,424538
ENSG000000358621,ENSG000001616389,29545.9393939394
ENSG000000358622,ENSG000002139494,128126.5
ENSG000002139491,ENSG0000014438114,1020138
ENSG000001059765,ENSG000000265089,148560.867924528
ENSG0000013485323,ENSG0000002650810,385376.75
ENSG0000006718213,ENSG0000006718228,169129.666666667
ENSG000001858961,ENSG0000014664842,351890.928571429
ENSG000001355033,ENSG00000241186,671394.452830189
ENSG000001219891,ENSG000002411861,13517.5909090909
ENSG0000010777920,ENSG000002411862,37566.1363636364
ENSG000002042177,ENSG000002411863,978772.150943396
ENSG0000016351316,ENSG000002411864,198907.857142857
ENSG0000025920716,ENSG0000013707612,846291.857142857
ENSG0000010777921,ENSG0000009638420,7610777.16981132
ENSG0000010777922,ENSG000000850634,119432.566037736
ENSG0000006646811,ENSG000000664685,1238483.42857143
ENSG0000010777923,ENSG0000004457427,37566.1363636364
ENSG000000700183,ENSG000000700181,222090.226415094
ENSG0000012088519,ENSG0000014219250,7812131.26415094
ENSG0000010699112,ENSG000001219897,43367.7142857143
ENSG000002042178,ENSG000001069916,978772.150943396
ENSG000002042179,ENSG000001219898,978772.150943396
ENSG000001219892,ENSG000002042178,978772.150943396
ENSG0000023281029,ENSG0000006718229,169129.666666667
ENSG0000023281030,ENSG0000004457428,4559.92307692308
ENSG0000023281031,ENSG0000010009717,529257.071428571
ENSG0000023281032,ENSG0000006718230,169129.666666667
ENSG00000007062,ENSG000001858962,351890.928571429
ENSG000001258456,ENSG0000010777918,37566.1363636364
ENSG000001258457,ENSG000001219899,29520.7272727273
ENSG000001317594,ENSG000001317592,147604.169811321
ENSG0000010984623,ENSG0000010984622,1053329.21428571
ENSG000000680785,ENSG000001735463,60055.75
ENSG00000173546,ENSG000000680784,60055.75
ENSG000001797763,ENSG000002042179,978772.150943396
ENSG000001672071,ENSG000001827188,58016.4545454545
ENSG000000368281,ENSG000000368281,13253.875
ENSG0000010777924,ENSG0000012198910,37566.1363636364
ENSG0000014664888,ENSG0000014664843,79330.7307692308
ENSG000001137217,ENSG000001137219,454368.075471698
ENSG000001127158,ENSG0000009925012,470865.211538462
ENSG0000009925012,ENSG0000011271510,470865.211538462
ENSG000001342501,ENSG000000368282,464670.987804878
ENSG000001894032,ENSG00000204305,65842.2272727273
ENSG000001894033,ENSG000001219663,62041.2727272727
ENSG0000014664889,ENSG000001827189,79330.7307692308
ENSG000001676011,ENSG00000167601,169117.442307692
ENSG0000014664890,ENSG000001676011,169117.442307692
ENSG000001676012,ENSG0000014664844,169117.442307692
ENSG000001384489,ENSG000001058943,1014454.77358491
ENSG0000025920717,ENSG000001058944,1014454.77358491
ENSG0000014664891,ENSG0000014664845,79330.7307692308
ENSG00000156535,ENSG0000014664846,79330.7307692308
ENSG000000860622,ENSG0000014664847,168454.454545455
ENSG0000014664892,ENSG000000860626,168454.454545455
ENSG0000014664893,ENSG0000014664848,79330.7307692308
ENSG0000016163810,ENSG0000015009329,424538
ENSG0000002650814,ENSG0000014664849,100532.463414634
ENSG000000812373,ENSG000000812375,41397.4242424242
ENSG000001059766,ENSG0000015009330,424538
ENSG0000013844810,ENSG000001059764,148560.867924528
ENSG0000014664894,ENSG0000014664850,79330.7307692308
ENSG000000808155,ENSG0000014219251,7812131.26415094
ENSG0000020421710,ENSG000001574046,978772.150943396
ENSG000001574044,ENSG0000020421710,978772.150943396
ENSG00000100385,ENSG00000147168,13328.303030303
ENSG0000014664895,ENSG0000014664851,79330.7307692308
ENSG000001158844,ENSG000001324703,293662.434782609
ENSG000001324701,ENSG000001158841,293662.434782609
ENSG0000014664896,ENSG0000014664852,79330.7307692308
ENSG0000009925013,ENSG0000009925013,212032.47826087
ENSG000001989105,ENSG000001989102,1129819
ENSG0000009925014,ENSG000001989103,1129819
ENSG000001003112,ENSG0000011372110,454368.075471698
ENSG000001426275,ENSG000001984003,45453.5714285714
ENSG000000860623,ENSG000001970812,289518.787878788
ENSG000000963846,ENSG000001970813,7610777.16981132
ENSG000000860624,ENSG0000009638421,7610777.16981132
ENSG0000014664897,ENSG0000014664853,79330.7307692308
ENSG000000551181,ENSG000000551184,473714.727272727
ENSG0000014664898,ENSG0000014664854,79330.7307692308
ENSG0000014664899,ENSG0000014664855,79330.7307692308
