,X.cell.type..primary.human.B.cells,X.cell.type..primary.human.monocytes,X.cell.type..primary.human.myeloid.DC,X.cell.type..primary.human.neutrophils,X.cell.type..primary.human.NK.cells,X.cell.type..primary.human.PBMC,X.cell.type..primary.human.T.cells,max
ENSG00000001626,7.25,75.375,321.375,28.625,12.625,37.5,1.25,321.375
ENSG00000003436,28.625,59.875,159,24.375,189,601.625,108.125,601.625
ENSG00000004468,90462.75,33295.75,22341,15437.75,418443.625,87925.625,37600.375,418443.625
ENSG00000005844,386504.5,1627938.875,4209324.375,918392.375,4513626.625,2087703.5,1416686.625,4513626.625
ENSG00000005884,36237.625,284.5,180.125,103.375,6512.75,17395.5,28903.5,36237.625
ENSG00000005961,615.875,1114.875,1941.375,410.125,6982.125,34118.875,434.625,34118.875
ENSG00000006210,77.625,39.875,34.125,31.625,42.75,80.625,36,80.625
ENSG00000006327,273,4742.75,4453.75,31114.875,2649.625,3295.125,656,31114.875
ENSG00000006451,48487.75,58364.75,66161,8335.5,59305.375,76023.25,79251.125,79251.125
ENSG00000007062,21.125,33.125,278.625,80.75,79796.5,11460,1664.75,79796.5
ENSG00000008710,378021,237071.625,269157.75,4582,484443.75,454943.5,510880.375,510880.375
ENSG00000010278,9328,20295.125,1595.375,10448.625,1900,21413.5,3355,21413.5
ENSG00000010610,418.75,1488990.5,1249862.125,21697.875,30240.75,977472.75,726349.75,1488990.5
ENSG00000010704,19047.125,59996,27732.25,15382.375,4553.125,28530,7852.625,59996
ENSG00000011422,114.5,266215.375,198323.625,382196.125,5911.25,102779.25,1979.25,382196.125
ENSG00000011600,842.375,1513363,1252783.75,1424580.375,573885.375,675540.625,9961.875,1513363
ENSG00000012124,2750241.625,1745.75,39365.25,2386.25,6286.875,160136.75,489.375,2750241.625
ENSG00000012223,21.625,9.5,20.625,6674.75,12.625,144797.5,6.375,144797.5
ENSG00000019582,19851756.875,9764027.625,12911901.875,392903.625,1257230.375,6165240,457620.125,19851756.875
ENSG00000020181,6690.625,125832.875,26981,7312.375,31092.625,55670.5,10308.125,125832.875
ENSG00000023318,134578.625,264895.125,261214,139363.125,137607.5,178146.5,98078.625,264895.125
ENSG00000023839,11266.125,6470,6585,20734.375,10966.25,12133.375,13139.125,20734.375
ENSG00000026103,24622.125,74468,81555.5,326022.625,32696.75,71096.375,62887.875,326022.625
ENSG00000026508,451057.875,2154254.875,1315913.75,221890.5,633546.25,1378138.125,929211,2154254.875
ENSG00000035862,35920.25,890754.5,514318.125,499025.125,25871.875,341214.125,16924.875,890754.5
ENSG00000036828,5,86.25,238.5,134,13.625,115.125,170,238.5
ENSG00000040608,254.375,119.5,141.875,8.125,8645,4177,4952.625,8645
ENSG00000044574,319520.75,715039.625,515384.25,421481.75,992357.75,592153.25,352749.125,992357.75
ENSG00000046604,69.5,30.375,417.25,28.75,201.625,1392.125,880.75,1392.125
ENSG00000047936,2.5,13,2.5,5,14.25,12.5,7.125,14.25
ENSG00000049245,46401.875,307597.75,275582,160306.375,102208.375,169317.625,58288.125,307597.75
ENSG00000049249,34,8374,987.5,36329.375,5943.375,5550.25,2350.25,36329.375
ENSG00000055118,19774.5,76.375,77.125,442.5,151.25,10818.625,16781.875,19774.5
ENSG00000056586,177487.25,148429.5,211665.875,86856.25,217687,194686.125,194037.625,217687
ENSG00000056736,5581.5,3595.625,3847.875,746.125,7288.125,7472.125,6706,7472.125
ENSG00000057019,3162.125,9171.5,5893.5,13537.375,2314.375,7993,7334.5,13537.375
ENSG00000064199,1803,4608.375,3953.625,274,761.875,3032,1625.375,4608.375
ENSG00000064201,62631.875,278700.5,373856.25,42500.875,873361,459288.625,355771.125,873361
ENSG00000064300,378.5,847.875,5028.75,39.375,4990.75,1730.75,361.5,5028.75
ENSG00000064547,42951.25,169442.25,394449.5,989782.375,99605.5,176813.625,128259.125,989782.375
ENSG00000064687,879198.125,457952.5,525227.5,1455900.125,548186.125,757887.75,781380.5,1455900.125
ENSG00000065600,27957.375,41828,43367.75,281.25,27482.25,32789.25,19467.75,43367.75
ENSG00000066230,18709.5,12845.25,5482.75,397.125,24454,29868.375,36209.625,36209.625
ENSG00000066468,39.125,53.5,71.125,445.5,192.5,1613.625,1631.875,1631.875
ENSG00000067182,465.25,561246.75,330802.125,1069796.5,246516.5,301769.375,81821.25,1069796.5
ENSG00000068001,6655.5,36754,33317.375,22273.625,12444,20492.5,5406.625,36754
ENSG00000068078,80,225.125,470.75,11.75,252.125,206.875,246.625,470.75
ENSG00000069122,20.375,12.625,16,12.875,15.5,13.875,0,20.375
ENSG00000069493,652207.375,89081.875,86908.25,40321.75,668344.75,563312.25,781929.5,781929.5
ENSG00000069702,425.375,553.625,2018.375,187.5,651305.875,117704.625,84536,651305.875
ENSG00000070018,3925.875,340.25,542.375,5012.75,28.75,13063.75,29395.375,29395.375
ENSG00000070193,0,12.5,2.5,6.75,7.75,2.5,12.375,12.5
ENSG00000070388,833.5,335.75,325.25,145.875,1325.25,1768.75,2381.125,2381.125
ENSG00000072274,215570,103371.5,239143.625,13588.375,77938.75,135493.875,120242.75,239143.625
ENSG00000072571,3316,342,1556.75,101.5,4041.625,2805.25,2116.625,4041.625
ENSG00000072694,531304.75,77200.625,193327,174147.625,36437.125,84635,1563.75,531304.75
ENSG00000073060,66263.125,99827.75,31937.375,6827.875,6320.625,52103.875,9116,99827.75
ENSG00000073067,462.875,133.25,235.5,37,308.5,485.875,518.75,518.75
ENSG00000073712,156.125,64.875,88.625,76,1519,455.125,467.875,1519
ENSG00000073754,96.625,7.625,1957.875,5.625,0,78.125,15.625,1957.875
ENSG00000073921,142555,965598.125,776816.75,1423019.125,378440.125,518105.75,151318.875,1423019.125
ENSG00000074800,493465.875,1609706.25,1433777.75,137566,787542,1147721.375,680424.125,1609706.25
ENSG00000075461,111.375,108.25,62.5,97.75,592.125,175.25,121.875,592.125
ENSG00000076351,68101,52021.125,128147.75,1511.125,94852.625,90887.25,92629.5,128147.75
ENSG00000076706,1601.875,764.25,805.875,2654.125,1103,1996.625,2592.125,2654.125
ENSG00000076716,2197.875,1529.875,148.5,293,48.375,640.75,23.375,2197.875
ENSG00000077943,448.625,35,43,27.375,54.375,148.75,38.375,448.625
ENSG00000078098,42.125,45.875,21.75,1157.625,29.75,39,12.5,1157.625
ENSG00000078549,10.375,13,15.75,16.875,10.5,14.875,27.625,27.625
ENSG00000078618,304829.375,469445.5,411548.75,784299.125,391738,412693.625,289970.375,784299.125
ENSG00000079215,88.75,7921.875,1726.625,116.375,422,3860.125,25,7921.875
ENSG00000079308,657.875,21802.5,14740.75,81.375,1151.75,13912.5,151.375,21802.5
ENSG00000079385,25973.25,861.625,19413.75,143346.5,831.75,13861.125,11378.25,143346.5
ENSG00000080709,30.75,48.25,35.625,26.375,25.375,46.125,51.875,51.875
ENSG00000080815,120983.875,381426.75,466180.375,290087.625,164419.5,241158.5,96426.125,466180.375
ENSG00000080822,109293.375,120730.25,96073.125,52301.75,295080.75,229821.875,277171.125,295080.75
ENSG00000081237,2085247.875,3977337.875,5893598,5776090.375,4672599.625,4017645.125,3397951.25,5893598
ENSG00000081479,8.5,35.875,14.5,71.5,17,28,70.875,71.5
ENSG00000082482,0,17.375,16.75,2.875,12,8.125,19.5,19.5
ENSG00000082781,513.25,3081.25,9814.625,41.625,3322.75,8318.5,1019.25,9814.625
ENSG00000083457,51052.5,43400.75,23227.625,6110.625,29701.375,40451,27290.625,51052.5
ENSG00000085063,26851.25,7670.875,13538.375,79009.125,33419.875,41961.875,54304.875,79009.125
ENSG00000085265,1931,13070459.5,3832536.125,245918.5,171681.375,4880041.25,3923.75,13070459.5
ENSG00000085563,26059.375,165.125,695.75,62.5,225307,56550.625,53416.875,225307
ENSG00000086062,482480.75,330635.5,189676.25,281433.875,478356.75,332968.375,217963.75,482480.75
ENSG00000086205,7.125,65.5,25.125,5.75,15.125,31.25,3.625,65.5
ENSG00000087085,65.875,46.875,114,14.25,71.125,98.75,65.625,114
ENSG00000088053,1263.125,824.75,916,81.625,2924.75,3053.125,1315,3053.125
ENSG00000089041,39044.875,315952.625,264252.375,403.875,108773.75,166584.375,42065.25,315952.625
ENSG00000089248,386686.875,403860.125,301833,17610.625,152718.5,366878.375,285880.75,403860.125
ENSG00000089692,52.5,146.75,231.375,458.625,974.5,18935.5,29656.125,29656.125
ENSG00000090020,39909.75,115026.625,97978.625,139622.25,91753.625,92868.875,63643,139622.25
ENSG00000090339,16421.625,209483.25,134585.875,299478.125,59821.375,101478.625,14077.25,299478.125
ENSG00000090554,41343.125,19204.5,60509.875,5494.75,68418.875,212792.75,346893.875,346893.875
ENSG00000090659,479.625,13079.75,4951,141.875,937.5,5117.125,468.625,13079.75
ENSG00000091129,5875.625,46.875,30.5,46.75,28.625,20112.375,36426.375,36426.375
ENSG00000091409,6651.25,2817.75,1963.75,8473.125,307141.375,361491.625,674142.5,674142.5
ENSG00000091513,914.125,900.25,780.125,409.25,4788.875,1712,1115,4788.875
ENSG00000091583,5.125,6,9.625,13.25,21.5,74.375,20.25,74.375
ENSG00000092445,257.375,747.625,767.25,502.875,634.875,612,341.625,767.25
ENSG00000096384,945957.75,551291.875,827950.75,11013.875,719364.875,825443.75,866382.375,945957.75
ENSG00000099250,209.75,21081.625,2834.25,207.75,2379,12159.75,195.375,21081.625
ENSG00000099282,43.25,166,1980.125,24.375,6316.75,5432.25,7600.75,7600.75
ENSG00000100097,47163.625,509587,505891.875,2409.875,176836.125,246345,26797.5,509587
ENSG00000100311,94.125,182,834.25,23.125,2008.25,18538.125,31331.875,31331.875
ENSG00000100385,7088.25,2071.25,29055.25,1201.5,7778708.375,987039.25,336309,7778708.375
ENSG00000100448,0,2552.875,117.25,298.75,536.625,3313.125,40.375,3313.125
ENSG00000101000,630.75,2235.625,4184,1279.375,14089.5,4418.625,2733.875,14089.5
ENSG00000101017,270806.5,22740.125,33199,46.375,9294.125,29367.75,3875.5,270806.5
ENSG00000101160,530555.125,1565022.125,1357452.75,333926.625,117340.5,724444.125,31509.625,1565022.125
ENSG00000101188,418.5,17261.875,287,1785.125,1132.75,7357.75,3222.875,17261.875
ENSG00000101204,459.75,39.5,24,26.875,29.375,38.375,42.125,459.75
ENSG00000101294,103895.375,397875.75,379188.875,156691.375,154085,250975.625,112953.625,397875.75
ENSG00000101307,1644.5,943939.625,716883.375,1262891.375,13705.875,377532.125,22632.75,1262891.375
ENSG00000101448,10.25,2.5,7.875,5.25,16.125,25.75,2.625,25.75
ENSG00000101474,64048.375,181425.625,159185.125,443026.625,1085981.125,286660.375,149779,1085981.125
ENSG00000101557,76633.125,72623.875,93289.125,820,108762.5,102166.625,103739.625,108762.5
ENSG00000101670,100.375,99.25,100.375,67,140.625,86.875,121.375,140.625
ENSG00000101916,599.375,582196.25,362313.625,565168.75,6852.375,231854,318,582196.25
ENSG00000101955,9.875,27.75,55.5,7.875,44,417.5,56.75,417.5
ENSG00000102181,40055.5,90789.125,83914.25,5990,79534.375,77792.25,49044.375,90789.125
ENSG00000102245,125.125,345.375,241,117.375,1153.5,79465.375,154208,154208
ENSG00000102359,24.875,0,0,2.75,11,4.75,2.75,24.875
ENSG00000103496,127511.5,170981,148972.625,150646.125,224907.25,182176,123856.875,224907.25
ENSG00000103546,14.875,7.625,21.125,48,12.5,26.5,22.75,48
ENSG00000103855,53.5,337.625,683.75,135.25,69,323.125,76.875,683.75
ENSG00000104290,9204.125,1132.125,3350.25,147.25,9190.75,9542.25,13615.625,13615.625
ENSG00000104332,24.875,22.5,11.375,159.5,18.125,31.625,17.5,159.5
ENSG00000104368,391,80.75,149.875,118.125,444.625,734.375,1542.625,1542.625
ENSG00000104687,65788,193243.875,183262.75,90034.875,182719,146135.875,75232.375,193243.875
ENSG00000104689,73616.625,35798.625,22715.25,1285,22327.625,65702.25,90537.25,90537.25
ENSG00000104755,3,3.375,0,1.5,1.125,3.25,0,3.375
ENSG00000104853,188875.375,199353.625,202886.75,125172.875,203193.625,196464.375,140925.125,203193.625
ENSG00000104921,573510.625,16710,12684.75,1713.125,696.5,41067.75,187.5,573510.625
ENSG00000104972,416704.25,1013261,2002323.125,130402.25,104914.5,525334.5,7832.375,2002323.125
ENSG00000105369,2349405.75,720.75,4119.625,558.5,4089,143718.75,12409.25,2349405.75
ENSG00000105383,196.25,613508.625,368042.25,23324.75,17952.75,252181.5,410.875,613508.625
ENSG00000105668,72,108.375,54,87.375,102.375,116.5,175,175
ENSG00000105707,76.5,85.75,112.875,1499.5,50,261,191,1499.5
ENSG00000105855,597.125,155.5,4034.125,78.25,307.625,8929.5,148.25,8929.5
ENSG00000105894,2.75,0,8.875,0,0,0,0,8.875
ENSG00000105976,3771.375,45,39.875,31.25,287.375,630.875,420.75,3771.375
ENSG00000105989,0,8.125,10.375,2.5,5.125,0,5.625,10.375
ENSG00000106128,2.5,8.75,8,9.625,16.625,6,5,16.625
ENSG00000106302,326.75,104.125,70.125,13.625,155.5,116,65.875,326.75
ENSG00000106327,12017.5,2964.25,4844.125,99.375,29232.75,12865.125,10609.5,29232.75
ENSG00000106483,0,699.375,110.5,81.75,2828.625,760.5,42,2828.625
ENSG00000106799,63363.875,116395.125,73049.75,114028.625,495802.5,164188.25,111076.625,495802.5
ENSG00000106991,48326,204569.375,178381.25,181.875,85695.125,142678.875,83360.875,204569.375
ENSG00000107593,311.25,591.875,607.25,22.625,15,599.5,95.25,607.25
ENSG00000107611,38097.125,5876.75,3891.75,5411.75,27203,71969.375,124400.375,124400.375
ENSG00000107779,13980.5,2380.25,5165.75,301.25,16790.375,11330.875,15832.5,16790.375
ENSG00000107831,74.125,75.125,113.25,1232.75,81.875,101.875,40.25,1232.75
ENSG00000108219,129704.75,574172.5,1088656.875,248732.625,837640,707953.75,672898.75,1088656.875
ENSG00000108405,61507.25,276855.75,750566.875,277407.25,5976.625,149728,253,750566.875
ENSG00000108561,114469.875,77699.75,97035.25,756.625,80542.375,111035.25,111005.75,114469.875
ENSG00000109321,806.125,703.625,4331.125,1993.25,36529.75,4429.375,532.75,36529.75
ENSG00000109572,77753.5,105548.375,102108.25,22353.375,123262.625,110049.25,93843.375,123262.625
ENSG00000109846,81.625,22.5,11.375,6.75,41.125,40.25,50.75,81.625
ENSG00000110195,3.25,81.5,55.25,112.5,0,18.125,0,112.5
ENSG00000110436,54.75,396.875,339.625,179.125,283,377.375,327,396.875
ENSG00000110448,11881.25,3038.875,16297.125,3831.625,4020.875,351905.25,671030.75,671030.75
ENSG00000110848,122764.75,1382.625,6776.125,4343.75,269874.375,116156.125,216318.625,269874.375
ENSG00000110881,70.125,26.25,53,38.625,71,5545.25,9063,9063
ENSG00000110955,533068.125,997080.625,1418395.25,146429.375,639731.25,816209.625,489070.25,1418395.25
ENSG00000111186,766,7292.125,1092.5,57.625,128.25,2866.5,17.5,7292.125
ENSG00000111199,18.75,12686.875,382.625,52.625,217.375,4811.625,70.125,12686.875
ENSG00000111262,134.375,10.625,17.25,31.125,12.625,22.5,28.375,134.375
ENSG00000111432,19.875,29.125,12.625,8.875,25.125,16.375,8.875,29.125
ENSG00000111863,1662,135.625,1607.25,58.625,52.625,42768.5,94557.625,94557.625
ENSG00000112115,0,10.25,5.25,0,0,2.5,5.25,10.25
ENSG00000112149,99430.875,48627.125,105277,19904,9667.75,34886.375,4640.625,105277
ENSG00000112195,173786.25,19628.375,18674,373608.125,6640.375,30680.875,13395.375,373608.125
ENSG00000112486,183084.375,117.625,16016.25,1592.75,3530.75,32176.375,31331.25,183084.375
ENSG00000112715,4361.875,142563.375,21736.25,38589.125,4870.5,51823.5,534.25,142563.375
ENSG00000112964,34.125,73.5,75.5,32,65.875,88.375,22.75,88.375
ENSG00000113070,1471.125,28730.5,25725.75,2733.125,1440.25,10657.875,771.875,28730.5
ENSG00000113140,570,14989.375,2038.25,113.25,6172.5,47477.875,136.375,47477.875
ENSG00000113273,19041.75,128220.875,76711.125,20298.375,26348.875,62028.375,14965.25,128220.875
ENSG00000113494,171,31637.625,3279.125,22.125,542,9487.5,12.5,31637.625
ENSG00000113721,4113.125,1845,17450.25,56.625,182374.375,24131.75,1116.375,182374.375
ENSG00000113905,61.125,54.25,17.25,28,63.25,39.375,32.75,63.25
ENSG00000114013,88815.125,385744.125,434957.375,176.25,9469.5,163732.75,291.625,434957.375
ENSG00000114251,69.375,198.875,625.125,12.875,30.875,181.75,76.25,625.125
ENSG00000114646,277.5,201.125,146.5,285,506.125,251.25,288.625,506.125
ENSG00000115221,42.5,101.625,51,80.375,244.875,84.875,103.875,244.875
ENSG00000115232,570504.375,833077.5,1570762.75,45282.375,749412.625,832699.625,677087.25,1570762.75
ENSG00000115353,674.625,232.625,482.875,3.875,367.5,503,575.75,674.625
ENSG00000115594,90.75,12499.625,13124.75,283793.875,2967.75,8344.5,3921.75,283793.875
ENSG00000115596,1799.875,2329.75,928,23.25,486.25,1236.125,140.125,2329.75
ENSG00000115602,18.375,4.25,682.375,2569.25,6071.5,8153,596.375,8153
ENSG00000115705,22.125,5.5,8,14.125,17.625,1023.625,1632.375,1632.375
ENSG00000115884,1750.25,27.75,21.125,42.625,78.625,874.125,12,1750.25
ENSG00000115902,27624.375,26909.75,152551.625,400.875,48991.125,33757,9090.375,152551.625
ENSG00000116014,2179,52.375,63.375,4627.875,202.75,1425,2203.625,4627.875
ENSG00000116106,38591,123.5,151.75,2649.5,84710,42228.625,57421.625,84710
ENSG00000116147,22844.375,38.75,23.25,109,6328.125,1527,39.375,22844.375
ENSG00000116815,23357.375,100864.125,121916.875,146253.125,77555.625,65695.625,21184.25,146253.125
ENSG00000116824,204.875,3971.375,24545.25,155.625,453086.75,315709.25,479636,479636
ENSG00000117090,79747.5,2579.75,771.875,350.875,1144.625,73900.75,123244.625,123244.625
ENSG00000117154,2.5,24.75,11.5,20.125,15.25,13.5,11.375,24.75
ENSG00000117298,273297.125,450996.625,315521.875,1014072.75,194887.625,348815.875,264206.625,1014072.75
ENSG00000117335,360521.875,792999.875,664261.75,2096480.5,444826.375,649686.125,515974.375,2096480.5
ENSG00000117400,493.125,557.125,490.75,275.125,599.25,731.5,470.5,731.5
ENSG00000117525,9.75,658.25,127.875,271.625,162.875,281.5,32.125,658.25
ENSG00000117533,97744.5,110092.125,92281.875,15629.625,142996.75,130105.875,135106.75,142996.75
ENSG00000117560,42.75,125.5,653,30,140616.375,22016.625,6331.375,140616.375
ENSG00000117586,3984.75,1074.375,1189.5,1822.125,7350.5,7510.375,3984.75,7510.375
ENSG00000118137,327,108.75,104,154.625,772.625,491.125,388.625,772.625
ENSG00000119457,1566.75,161858.25,67241.25,2457.5,4097.125,61349.625,1677.5,161858.25
ENSG00000119699,16443.5,3586.125,4310,143.375,23995.25,17562,22366.75,23995.25
ENSG00000119888,102.125,42.125,60.5,355.25,43.25,96.875,49.75,355.25
ENSG00000119912,48862.875,79150.5,90638.5,1874.5,50991.375,70461.5,57556.25,90638.5
ENSG00000120156,139.5,134.75,89.875,5216.75,48.375,185.25,12.25,5216.75
ENSG00000120251,3.375,11,20.5,13.75,23.5,12.5,13,23.5
ENSG00000120332,73.875,101.75,119.25,21.125,24.875,40.875,24.25,119.25
ENSG00000120337,48,0,44.375,12.5,113.375,68.375,31.125,113.375
ENSG00000120457,56.25,87.625,124.75,42,43.75,80.25,17.875,124.75
ENSG00000120658,11.625,2.875,329.5,8.375,85.5,110.125,23.25,329.5
ENSG00000120885,433,8508,1553.25,36,6296.5,44280.875,7534.125,44280.875
ENSG00000120889,157988.5,553539.875,379901.875,309718.25,39752.25,308241.625,150534.875,553539.875
ENSG00000121594,30073.5,1158.375,1365.25,88.5,190.125,2324.5,741.125,30073.5
ENSG00000121853,0,2.5,12.5,39.625,706.375,148.5,5.25,706.375
ENSG00000121966,1377438.5,247120.5,262148.875,1673589.625,673508.125,610451.5,776898.25,1673589.625
ENSG00000121989,9889.625,37159.375,31267.875,1101.125,53087.375,40826.875,39308.625,53087.375
ENSG00000122194,983.125,396,519.5,1085.75,1892.125,978.25,930.375,1892.125
ENSG00000122223,7443.75,199786.625,297038.25,1382.25,575934.625,169604.625,33427.75,575934.625
ENSG00000122224,158755.5,5750.125,10019.5,383.5,130287.5,173852,269480.25,269480.25
ENSG00000122679,0,106.25,229.875,636.25,0,281.625,105,636.25
ENSG00000124333,59481,135816.25,117436.5,38926.375,99187.125,101585.75,64036.25,135816.25
ENSG00000124469,32.375,9.625,9.375,1516,33.5,13532.625,10.25,13532.625
ENSG00000124479,2.5,2.625,5.75,18.875,2.5,0,3.25,18.875
ENSG00000124610,0.375,4.625,3.375,1.25,0.375,0.375,10.375,10.375
ENSG00000125084,1030.25,54.75,31.75,14.75,5589.75,4961.875,7510.5,7510.5
ENSG00000125166,70067,66492.875,57468.125,751.375,84149.875,89290.875,86269.625,89290.875
ENSG00000125363,0,0,22.875,3,2.5,0,0,22.875
ENSG00000125730,170.75,17907.875,93083.375,4547.625,1004,9651,274.375,93083.375
ENSG00000125810,442.875,2084522.375,488186.125,1299168.5,105653.75,789840.125,5866.625,2084522.375
ENSG00000125815,2.75,0,15,8.375,11.25,4.625,5.875,15
ENSG00000125845,21.375,59.625,24.375,2629.875,2366.875,312.5,12.125,2629.875
ENSG00000126016,12897.5,1350.625,12292.625,736.5,45400.375,11938.25,9627.375,45400.375
ENSG00000126218,50.75,105.25,85.5,2.75,724.875,311,308.625,724.875
ENSG00000126243,3936.5,283.875,504,149.875,8528.875,23717.25,38204.5,38204.5
ENSG00000126264,10540.25,177276.75,91335.75,20678.25,413466.125,201927,142479.125,413466.125
ENSG00000126353,253953.875,817,1101,192.5,30807.25,420387,739750,739750
ENSG00000126803,404.75,508.25,633.75,833,1202.875,746.75,652.375,1202.875
ENSG00000127324,0,0,3.75,15.75,0,8,3.5,15.75
ENSG00000127837,129514.375,231843.75,294407.5,21666.125,147030.25,198720.375,120719.75,294407.5
ENSG00000128011,7134.125,23151.75,28804.875,136322.75,52745.75,28260.625,18987.5,136322.75
ENSG00000128519,0,0,1.875,0,5.125,0,2.5,5.125
ENSG00000129159,532.125,553.5,628.125,19,1168,809.5,781.375,1168
ENSG00000129744,5.25,2.75,5,158.125,23.125,0,19,158.125
ENSG00000129988,15,25,46.25,0,8.5,15.125,2.625,46.25
ENSG00000130037,95,5.5,18.125,0,68.375,1055.75,108.25,1055.75
ENSG00000130164,5753,59556.625,14153.125,4081.625,152799.625,60085.625,34629.625,152799.625
ENSG00000130202,232.75,32958.125,11420.375,6783.5,1265.375,14160.125,336.875,32958.125
ENSG00000130234,45.625,27.75,36.125,152.5,68.5,37.5,53,152.5
ENSG00000130300,158.5,1019.25,10774.75,353.25,313.875,2340.5,106.875,10774.75
ENSG00000130303,80012.5,230242.875,225010.25,33238.375,178408.25,168429.125,74471,230242.875
ENSG00000130368,171.875,109.375,131.75,61,146.75,182.375,92,182.375
ENSG00000130427,27.625,136.125,145.25,54.875,262.375,131.125,131,262.375
ENSG00000130770,98079.75,81971.625,80814.375,32268.125,141854.125,113677.5,106994.25,141854.125
ENSG00000131015,12.5,25,18.75,0,1094.625,243.375,327.5,1094.625
ENSG00000131042,29550.5,2107765.125,3594555.375,1671229.5,28417.25,982099.375,1265.75,3594555.375
ENSG00000131183,16.875,60.875,24.75,58,3814,917.875,492,3814
ENSG00000131471,2163.25,1570.125,1400.75,130653.875,1203.125,2291,2224.125,130653.875
ENSG00000131477,8,15.75,60.125,15.75,47.625,33.5,12.25,60.125
ENSG00000131759,109938.5,590345.125,1192840.75,1243149.625,125899.25,373695.875,115738.375,1243149.625
ENSG00000131981,4892.125,518862.625,346278,4918.75,16403,208800.25,13013.375,518862.625
ENSG00000132329,1.375,17.125,143.125,40.375,19947.625,2180,362.75,19947.625
ENSG00000132470,1398.5,817.875,401.5,9813,1416.25,1532.625,1499.5,9813
ENSG00000132704,1125967.75,182.875,2529.375,489.5,673.375,67527.5,966.375,1125967.75
ENSG00000132855,108.375,72.25,68.125,0,40.375,106.125,79.625,108.375
ENSG00000133107,10.875,8,7.875,5.875,10.75,11.125,5.125,11.125
ENSG00000134243,870.625,404896.125,486473,94576.125,12576.25,176660.625,1387.5,486473
ENSG00000134247,8.5,11344,8091,17.875,1857.375,6723.125,3151.875,11344
ENSG00000134249,0,15,2.75,15,0,5.375,3.125,15
ENSG00000134250,760928,1929748.5,2268856,1244908.25,357837.25,1030267.25,229363.625,2268856
ENSG00000134258,0,2.375,15.125,2.5,6.25,5,0,15.125
ENSG00000134460,47350.375,99.625,138.125,274.375,5698.125,34340.375,55205.625,55205.625
ENSG00000134470,9572,38313.625,22485.25,3293,12313.125,22326.125,11690.75,38313.625
ENSG00000134539,798.125,1138.75,11624.375,3163.25,3222928.375,426175,144616.25,3222928.375
ENSG00000134569,33.875,100.625,46.25,27.25,53.875,46,10.875,100.625
ENSG00000134853,88.375,122.125,110.875,185.5,147.5,442,43.5,442
ENSG00000135046,588.625,1685064.125,843295.875,64468.75,679762.5,965926.125,440305.625,1685064.125
ENSG00000135077,3518.5,115873.5,151357.75,842.375,257713.625,85198.875,10165.5,257713.625
ENSG00000135218,201,1732733.875,209557.25,1200,32730.625,603506.375,420.875,1732733.875
ENSG00000135245,7116,3743.75,6191,600,4152.875,4233.375,2902.625,7116
ENSG00000135318,118272.625,242.625,122.625,121.875,558.625,28061.875,35248.875,118272.625
ENSG00000135404,53676.875,349549,211970.75,261660.25,370139.125,216267.625,51311.125,370139.125
ENSG00000135424,4855.25,4826,40946,1678.375,5289.25,8331.75,4888,40946
ENSG00000135503,12031.375,118055.125,185226.375,15489.875,28404,78418,38832,185226.375
ENSG00000135678,7962.375,94287.875,38055.125,19592.125,8416.375,39042.875,6387.875,94287.875
ENSG00000135919,6220.875,414.5,640.25,985.125,40837.75,17888.625,24973.375,40837.75
ENSG00000136011,997,498.25,354.25,197.625,316.375,877.125,660.5,997
ENSG00000136378,362.625,39.875,24.625,165.125,375.125,547.125,597.125,597.125
ENSG00000136802,46888.625,46598.25,39585.125,27751.25,228546.25,98779.125,99067.75,228546.25
ENSG00000136869,9959.375,747388.875,413572.875,917076,8789.375,284712.5,340.625,917076
ENSG00000136943,90.25,70.75,1258.125,57.875,214.125,407.375,43.875,1258.125
ENSG00000137076,1030571,2482076.875,2743914.875,2089599,2296970.25,1911571.625,984756.125,2743914.875
ENSG00000137103,36027.125,39635.75,22705.375,840.625,29389.375,43993.625,38489.625,43993.625
ENSG00000137312,110635.5,246689.75,91105.75,573064.75,282617,243245.75,195958.75,573064.75
ENSG00000137440,7.875,0,2.5,22.75,1184,159.375,31.125,1184
ENSG00000137462,13144.5,935284.25,567933.75,1684153.875,16589.375,370381.875,9281.875,1684153.875
ENSG00000137507,302.25,224,502.75,65,241.625,1963.25,1169.25,1963.25
ENSG00000137573,12.75,17,0,0,34.5,32.5,9.75,34.5
ENSG00000137673,39.375,2.5,0,10,2.875,10,0,39.375
ENSG00000137801,333.125,245244.75,2987.75,1824,38632,87222.25,1852.25,245244.75
ENSG00000137845,211563.75,629945.125,577721.5,375906.25,519967.875,451235.25,256318.125,629945.125
ENSG00000137857,13564.375,2171.75,2376.5,287.625,19052.625,10198.25,12442.25,19052.625
ENSG00000138435,46.75,10,12.5,11.125,5,9.25,15.875,46.75
ENSG00000138448,10694.875,70233.375,46346.875,5858.375,43269.125,43787.25,26174.625,70233.375
ENSG00000138623,81576,2854.875,15963.375,21159.875,39434.75,26647.625,9075.375,81576
ENSG00000138755,52.375,4449.125,2288.875,2.5,28,1861.5,5.25,4449.125
ENSG00000138792,57.5,33.5,0.875,91.75,218.375,99.75,37.5,218.375
ENSG00000139190,238181.875,82488.375,59957.625,125951.875,255503,300491.25,392254.25,392254.25
ENSG00000139220,8.75,41.75,12.125,169.75,3.375,39.375,9.75,169.75
ENSG00000139567,25.875,10375.375,3432.875,30.375,556.875,4008.625,29.25,10375.375
ENSG00000139626,712310.75,81167.75,130441.875,3449.5,983120.375,589013.75,672559.875,983120.375
ENSG00000140015,40.125,66.375,47,25.5,70.625,38,32.25,70.625
ENSG00000140279,310.25,98.375,99,73.875,247.375,370,369.125,370
ENSG00000140479,5626.125,895.5,2071.375,268.875,8095.375,7800.875,4783.75,8095.375
ENSG00000140545,27576.375,3510,3051.5,427.375,79570.375,93388.5,147974.25,147974.25
ENSG00000140564,197130.5,574670.625,229937.375,583703.375,810701.5,392034.125,118861.625,810701.5
ENSG00000140678,249911,2061198.125,3976199.875,7724618.875,2418655.5,1264800.25,12974.125,7724618.875
ENSG00000140945,6550.625,4346.375,21898.625,5096.125,233.875,2779.25,43.25,21898.625
ENSG00000141424,75442,80833.25,116480.5,28919.75,85546.75,85472.625,67565,116480.5
ENSG00000141655,270.25,863,1727.625,264.375,73016.625,9474.625,2057.375,73016.625
ENSG00000142192,120514.75,513661,174007.375,10913.25,26726,284564.75,107243.75,513661
ENSG00000142319,234.875,34.125,6.25,0,101.25,81.125,33.625,234.875
ENSG00000142627,14.75,119.25,193.25,6.25,1221.125,4904.25,384,4904.25
ENSG00000143061,42.375,1330,2187.125,38.75,551.75,794.25,148,2187.125
ENSG00000143119,959870.625,1158725.5,1232669.75,1387358.375,1342278.875,1069035.75,686228,1387358.375
ENSG00000143297,1123087.625,160.75,4032.75,105.125,366.875,78232.125,133.25,1123087.625
ENSG00000143412,3588.75,16251.5,6876.875,45279.875,4387.75,18971.25,20873.125,45279.875
ENSG00000143473,1061.75,230.375,162.375,12.625,117.5,548.125,721,1061.75
ENSG00000143537,60465.125,450560.875,216471.625,12152.625,113871,228701.5,48521.25,450560.875
ENSG00000143847,790,82395.5,53183.125,5063.875,5421.125,35591.125,4515.375,82395.5
ENSG00000144381,171663.75,138887.5,195935.5,42366.125,129283.75,192006.375,195975.625,195975.625
ENSG00000144476,6511.125,1402.125,14667.625,17.75,25832.875,10584.375,11681.5,25832.875
ENSG00000144481,66.875,16,23.75,37.875,3435.375,398.25,251.125,3435.375
ENSG00000145242,17.875,8.625,5,11.25,6.25,9.875,45.875,45.875
ENSG00000145244,996,750,864.875,6084.5,575.625,592.5,317.25,6084.5
ENSG00000145431,30.5,37118.5,31649.875,369.125,802.875,14429.875,35.375,37118.5
ENSG00000145703,54212.375,438587.5,250561.75,173987.875,599529,372084.5,242068.75,599529
ENSG00000145730,4671.25,51427.75,11509,36506,246952.375,63102,34351.5,246952.375
ENSG00000145888,83.5,46.75,68.75,156.125,68.75,80.625,76.625,156.125
ENSG00000146197,1956,1112.125,879.625,940.875,6695.25,2363.75,2187.875,6695.25
ENSG00000146242,42.25,1357.375,156,23.875,179.5,1939,2440.25,2440.25
ENSG00000146648,19.375,24.75,21,13.625,32.5,24.25,28.375,32.5
ENSG00000146938,578.75,15.125,22.625,32.25,24.625,121.875,155.5,578.75
ENSG00000147065,1292448.125,3331521.125,5055624.125,2908185.375,4486480.5,2710263.125,1476388.5,5055624.125
ENSG00000147168,595051.75,126012.5,218819.875,723885,1400036.875,724920.75,839868.125,1400036.875
ENSG00000147655,15.125,48.5,22.25,2.5,15.375,58.25,0,58.25
ENSG00000149177,274266.875,520838.25,839562.375,959399.875,493992.25,420448.5,188616.375,959399.875
ENSG00000149260,529,3606.375,1637.625,34.5,135225.5,28385.25,25331,135225.5
ENSG00000149294,749,3133.125,1069.75,234.25,835074.375,86191.875,5009.625,835074.375
ENSG00000149305,8.75,365.5,49.625,249.5,32.75,100.25,0,365.5
ENSG00000149534,115,34.25,1010.625,61.625,1660.5,41747.625,111.5,41747.625
ENSG00000150093,481694.875,444182.125,705557,10056.75,582760.75,511087.125,436102.875,705557
ENSG00000150637,4139.875,1213.875,27494.625,265.5,568179,179943.75,224053,568179
ENSG00000151012,910.375,133.375,342.375,4408.875,415.875,1848.5,187.875,4408.875
ENSG00000151150,38401.375,259,1560.875,175,6691.375,51986.75,94539.625,94539.625
ENSG00000151651,436144.375,554210.375,422874.25,3107878.375,1402881.75,602450.125,263920.125,3107878.375
ENSG00000151694,120826.375,177347.25,175334.125,124668.75,104362,134374.625,78687.125,177347.25
ENSG00000152558,328051.625,632091.25,470058.125,263335.125,385774.375,858896.625,1146838.5,1146838.5
ENSG00000152894,79417.125,56.5,30.5,18.5,451.25,9071.875,7283.875,79417.125
ENSG00000152990,325.5,1207.25,2704.75,44.625,64279.875,14272.75,14926.625,64279.875
ENSG00000153187,1450471.875,1296375.125,1270993.75,667729.75,1533393.5,1587793.375,1542528.125,1587793.375
ENSG00000153246,128.5,133.125,74.5,104.875,77,177.125,64.25,177.125
ENSG00000153563,131.875,432.875,564,153,191038.75,218718.625,302637.75,302637.75
ENSG00000154096,11.75,12,11.5,9.625,38.75,95.875,184.625,184.625
ENSG00000154269,726.5,49.25,998.875,5.625,2870.375,8973.875,1031.25,8973.875
ENSG00000154342,25,97.625,18.75,15,59.25,56.25,15,97.625
ENSG00000154723,43505,75259,79603.5,19064.25,58788.25,69479.375,50107.5,79603.5
ENSG00000154764,11.5,19.375,8.625,8.375,42.5,9611.5,19032.875,19032.875
ENSG00000155066,1833.125,571.125,655.625,38.75,2906.75,1536,1570.625,2906.75
ENSG00000155511,27.25,18,16.25,14.875,42.125,12.25,26.625,42.125
ENSG00000155660,159103.75,183341.875,155911.5,6067.75,303854.25,217162.125,146649.375,303854.25
ENSG00000156103,13.25,31.25,22.625,27.125,366.375,70.25,21.375,366.375
ENSG00000156535,183.5,3707.125,7838.75,138.625,3839.375,5782.625,4803,7838.75
ENSG00000156564,11.125,23,22.625,19,6079.75,1123.125,881,6079.75
ENSG00000156642,61514.625,276567.5,251645,158723.75,112061.125,165862.875,72008.125,276567.5
ENSG00000156687,8.375,12.5,24.5,22.5,33,2.5,19.25,33
ENSG00000156738,6566652.5,917.125,754.5,797.375,5343.125,373997,9034.625,6566652.5
ENSG00000156886,827.125,5113.125,10102.625,29753.375,19370.75,5057,219.375,29753.375
ENSG00000157240,5156.5,86953.625,255653.25,193.625,2350.875,47137.75,1410.5,255653.25
ENSG00000157404,200,11.625,6657.875,8012.375,30897,7721,2474.625,30897
ENSG00000157916,289732.25,289791.25,309107.125,232844.25,359426.875,363993.125,327029.5,363993.125
ENSG00000158457,177893,45345.875,57788.875,43.5,14239.75,47055.125,11952.25,177893
ENSG00000158473,96581.125,480956.125,151939.25,7719.5,10421.5,196431.75,199.375,480956.125
ENSG00000158485,44.75,2042.375,3706.25,0,145.875,1031,0,3706.25
ENSG00000158714,1084.875,37346.625,46513.125,5807,40647.5,36903,20348.625,46513.125
ENSG00000158869,587.875,935419.375,1490278.875,354358.75,490087.25,469806.75,3564.5,1490278.875
ENSG00000159197,177.5,374.375,136.75,221.75,335.75,192,163.25,374.375
ENSG00000159307,114.5,1970.75,875.625,53.125,633.875,1690.5,141.875,1970.75
ENSG00000159640,21337.125,946,22108.25,112,304.125,16412.75,22257.875,22257.875
ENSG00000159958,1221161.25,276.75,1925.75,239,1253.875,71992.5,13726.125,1221161.25
ENSG00000160179,41650.125,18656.125,7229.125,102166.875,38087.75,37316.5,46682.375,102166.875
ENSG00000160305,208007.875,254770.25,322207.25,138245.75,1341335.625,593893.25,552876.75,1341335.625
ENSG00000160323,21011.375,2681.5,3907.5,31.625,13202.875,11899,12562.875,21011.375
ENSG00000160716,607.625,551.25,812.375,5204.75,459.5,919.625,1071,5204.75
ENSG00000160791,1846.75,17650.125,40162.5,200.625,19803.75,55107.75,59236.625,59236.625
ENSG00000160856,1277228.375,382.875,3779.25,391.25,871384.75,238093.125,115677.5,1277228.375
ENSG00000161638,5281.125,626083,237708.125,724491.875,496397.375,444013.25,276402.375,724491.875
ENSG00000161640,2557.75,18517.875,32140.125,4171.75,3295.375,9213.75,1121.25,32140.125
ENSG00000161911,436.875,471.375,338.875,1488.875,1117.125,8410.25,747.375,8410.25
ENSG00000162552,1455,818,1147.75,1009,780,802.5,809.875,1455
ENSG00000162576,24524.75,30743.75,16311.125,135.75,37768.375,46942.25,46640.25,46942.25
ENSG00000162692,21,11.375,112.75,3.125,0,177,119.5,177
ENSG00000162909,338445.75,971207.75,872134.375,2565.5,892113.25,804360.875,546546.875,971207.75
ENSG00000162989,2008.875,24.5,17.125,47.875,53,104.625,49.75,2008.875
ENSG00000163217,5.125,2.5,2.5,294.375,0,0,12.125,294.375
ENSG00000163235,60.125,9610,1807,84619.5,21796.75,8883,5501.625,84619.5
ENSG00000163251,1269.625,8075.375,2893.875,1604.875,1389.75,3794.875,252.875,8075.375
ENSG00000163283,135.75,9.375,158,13.5,69.125,83.5,57.125,158
ENSG00000163297,137018.25,202180,157119.125,304584,37645.25,154121,99017.125,304584
ENSG00000163513,380523.25,387443,515611.25,727942,468609.625,547937.625,607571.125,727942
ENSG00000163518,1514.625,14.125,44.375,5.125,3.375,139.375,0,1514.625
ENSG00000163534,2384364,628.875,21237,3896.375,2230.875,137850.375,4535,2384364
ENSG00000163599,81.25,93.375,749.625,11.25,297.875,27494.75,57324.75,57324.75
ENSG00000163600,15.75,144.25,256.25,28,1992.25,58950.25,116744.75,116744.75
ENSG00000163638,27.5,261.75,29.125,34.75,31.75,68,10.375,261.75
ENSG00000163702,4086,36094.375,20797.625,253.125,8299.625,18793.625,4852.125,36094.375
ENSG00000163823,2725,375978.25,78995.875,410754.625,31031.75,165895.125,3560,410754.625
ENSG00000163956,122349.75,366398.5,258321.125,157029.875,164039.625,241221.375,120579.375,366398.5
ENSG00000163975,764.625,1306.25,2716.75,107.75,5791.375,3575.875,3759.25,5791.375
ENSG00000164022,83185.75,88350.875,104062.75,1677.5,76437.875,97789.875,95084.75,104062.75
ENSG00000164061,2178.875,1015.375,577.75,241.25,3953.875,2736.75,2807.5,3953.875
ENSG00000164066,173.75,1567.25,1947.5,63.75,440.125,1036.375,112.125,1947.5
ENSG00000164078,1654.875,324.375,255,155.875,2493.75,1414.375,1785.75,2493.75
ENSG00000164111,119400.5,829309.125,968445.125,72778.75,50938.5,408348,99638.375,968445.125
ENSG00000164136,39316,113019.375,99079.375,11362.25,28468.5,52402,8178.5,113019.375
ENSG00000164161,137.125,54.75,66.25,62.875,142.375,133.75,92.625,142.375
ENSG00000164199,1021,3457.75,2248,3153.75,1874.125,2315.125,1358.5,3457.75
ENSG00000164690,160.5,104.75,123,951.875,351.875,132.625,137.625,951.875
ENSG00000164930,8552.5,782,1806.75,62.75,15611.25,10052.625,16457.25,16457.25
ENSG00000164935,15.25,89.125,528.125,5,0,81,0,528.125
ENSG00000165029,69133.125,55324.5,39790.375,214927,1547,31558,14170.125,214927
ENSG00000165091,25.25,153.25,498.125,28.25,62,128.125,49.5,498.125
ENSG00000165379,72.375,5.75,28.625,30,22,33.875,10.75,72.375
ENSG00000165457,2979.375,31955.125,8586.875,182.25,460.875,12221.375,0,31955.125
ENSG00000165471,0,2.5,2.625,0,0,2.5,0,2.625
ENSG00000165675,33244.875,49168.5,42160.125,1272.75,40392.25,41727.25,31173.875,49168.5
ENSG00000166106,17.875,16.75,14.375,17.375,120.25,46.125,33.125,120.25
ENSG00000166250,1085,597.75,535.125,1743.25,809.625,1203.25,1555.375,1743.25
ENSG00000166479,153959.625,205890.625,218735,29845.25,233320.75,211370,184944.875,233320.75
ENSG00000166710,6434597.75,10211767.25,10358922.5,19748464,13011382.375,10870660.375,8809406.875,19748464
ENSG00000166825,4441.375,1471830.5,595969.625,2028302.375,16293,547974,536.625,2028302.375
ENSG00000166828,7.875,16.125,8,10.25,8.5,10.5,0,16.125
ENSG00000166862,8.875,21.125,40.75,13,79.375,30.625,4.875,79.375
ENSG00000166923,111.875,63.375,66.875,86,91.875,110.75,90.625,111.875
ENSG00000167004,211729.25,423259.375,441863.25,53774.625,679874.5,406935.375,251540.5,679874.5
ENSG00000167085,74175.25,72356.125,79759,4488.875,102303.75,91454.125,73987.5,102303.75
ENSG00000167178,30.125,73.875,88.125,95.75,75.625,106.5,87.75,106.5
ENSG00000167191,664.25,750.625,4572.125,22.75,253.75,3760.25,6631,6631
ENSG00000167207,6636.75,450312,210522.75,100256.625,17939.375,190153.625,16881.25,450312
ENSG00000167434,23.25,36.25,49.375,104027.875,11.875,486.5,15.25,104027.875
ENSG00000167601,131.375,630.625,13939.875,43.5,4709,2001.125,155.875,13939.875
ENSG00000167711,6694.5,8916.375,11320.5,220.375,2414.25,7568.875,1822.875,11320.5
ENSG00000167930,64294.125,100822,88857.75,19132,96494.25,98874.625,72186.125,100822
ENSG00000168003,84849.875,272613,210659.25,38807.125,168890.75,201433.75,135125.25,272613
ENSG00000168065,13,28,23.5,32.5,36.125,21.75,17,36.125
ENSG00000168079,168.75,23.5,331,2.875,886,2764.125,18.25,2764.125
ENSG00000168140,1808.875,2154.625,1711.625,1800.125,2420.125,1870.375,1985.625,2420.125
ENSG00000168329,878.25,479383.375,1341831.125,45413.875,1816423.375,539370.5,60224.75,1816423.375
ENSG00000168447,144.25,8.375,17.125,3.375,11.625,69.25,26.875,144.25
ENSG00000168509,52.125,87.875,53,179.625,66,113.25,55.75,179.625
ENSG00000168615,6079.5,147976.125,59609.75,23394.5,15953.25,58770.375,4045.125,147976.125
ENSG00000168685,3724.5,5043.625,1558,1154.25,203643.5,2380649,4481817.375,4481817.375
ENSG00000168899,12606.25,50047.625,88447.25,7150.375,31279.5,43390.375,26220.875,88447.25
ENSG00000169071,815.875,17.75,20.5,10.375,12.75,134.25,302.375,815.875
ENSG00000169174,8.875,11.125,14.375,8.25,14.75,27.5,21,27.5
ENSG00000169223,130509.125,258228.375,228758.5,171342,283244.75,235933.75,150148.75,283244.75
ENSG00000169245,193.375,15642.5,14297.875,74.875,49.875,6532.125,12.5,15642.5
ENSG00000169306,7.5,23.375,26.875,22.25,15.5,24,26.5,26.875
ENSG00000169313,443.625,6002.875,7911.875,202,485.125,5270.875,27.625,7911.875
ENSG00000169504,205287.375,140718.375,74305.5,10569.875,6052.375,68466.375,1016.5,205287.375
ENSG00000169604,2.5,37,56.375,224,63.625,72.875,34.375,224
ENSG00000169855,10324.75,1396.625,4345.875,73.875,947.5,6206,7090,10324.75
ENSG00000169860,357.875,8646.875,79905,21.625,5277,9884.125,629.25,79905
ENSG00000169876,7.75,5,6.125,2.625,2.5,5,5.25,7.75
ENSG00000169896,210641.875,1867670.75,209544.75,863714.875,2087760.5,962917.625,70489.5,2087760.5
ENSG00000169992,2029.75,1906.625,2233,47.625,11589.75,36036.75,60916.125,60916.125
ENSG00000170017,76292,75987.75,95079.625,55557.875,9268,48637,14937.25,95079.625
ENSG00000170255,0,0,0,0,2.5,0,5,5
ENSG00000170458,388.375,2720953.125,55888.75,529341.25,24472.625,944349,2232.5,2720953.125
ENSG00000170558,16.125,263.125,246,7780.75,502.25,535.125,170.625,7780.75
ENSG00000170890,12.5,0,5,0,83,87.125,129.25,129.25
ENSG00000170927,18.375,23.25,21.875,13,30.75,23,16.875,30.75
ENSG00000170989,206886.5,513.375,3207.875,395.625,307748.125,263357.5,364244.75,364244.75
ENSG00000171105,10012,104472.5,133629.25,2673.875,4065.375,46404.875,4570.875,133629.25
ENSG00000171557,5.25,7.625,2.625,3,0,0,2.5,7.625
ENSG00000171560,2.5,5,0,3,5,2.875,0,5
ENSG00000171564,1.625,0,5.125,0,15,0,12.5,15
ENSG00000171595,31.875,54,134.75,0,1804.5,2929.75,4753.5,4753.5
ENSG00000171864,41.375,33.875,83,8.625,17.125,31.375,8.75,83
ENSG00000171867,79341.75,282366.125,204385,1496.875,194702.625,204169.125,106072.25,282366.125
ENSG00000171885,2.5,5.125,5.25,0,12.25,5.625,0,12.25
ENSG00000173402,40258.375,51877.5,55658,5070.5,66740,53107.875,40746.25,66740
ENSG00000173546,223.25,1763.5,1284.125,15.125,5472.5,1328.625,272.375,5472.5
ENSG00000173585,13134.125,479.125,436.375,61.375,613.25,6436.75,6181.875,13134.125
ENSG00000173612,3,0,5,2.625,2.5,0,0,5
ENSG00000173621,22816.375,30683.75,33436.75,36.25,5395.875,22795.875,10503.625,33436.75
ENSG00000173698,341,797.5,790.75,1348.625,562.375,482.375,334,1348.625
ENSG00000173706,33219,36321.5,375933,194.875,348500.875,106183,80661.5,375933
ENSG00000174004,65765.375,217139.75,250633.25,5959.5,114495.625,135285.875,34928.75,250633.25
ENSG00000174059,116.625,69.625,227,33,180,3179.125,68,3179.125
ENSG00000174469,56078.25,121.375,187.75,280.125,2019.25,2236.5,274.25,56078.25
ENSG00000174502,14.25,42.75,10.125,8.625,20.125,10.875,0,42.75
ENSG00000174804,165.25,304,221.5,33,22475.5,2613.75,493,22475.5
ENSG00000174837,545,155468,755228.75,73980.75,3144.75,102614.625,20764.625,755228.75
ENSG00000175077,49.875,12.5,37.5,13.5,5.25,10,17.75,49.875
ENSG00000175445,0,12665.625,33312.625,50,99.625,5598.75,27.75,33312.625
ENSG00000175894,249.25,30,453.125,16427.25,104.25,712.625,972.25,16427.25
ENSG00000176435,2.75,0,0,12.5,5.5,6.25,15.875,15.875
ENSG00000176884,94.75,89,178.75,29.875,327,1170.125,117.375,1170.125
ENSG00000177103,2487.25,45.875,63.875,19.75,209.375,957.75,1678.75,2487.25
ENSG00000177119,69111.25,358024.625,230612.25,2570.375,162200.5,217316.75,111609.875,358024.625
ENSG00000177398,931,51.75,3737,29.125,15.5,1516.5,1946.375,3737
ENSG00000177455,878528.25,526.25,2156.375,256.875,775.875,50925.75,386,878528.25
ENSG00000177575,199.875,925798.625,84714.375,992.875,18956.5,321264.5,391.875,925798.625
ENSG00000177697,16130.75,143396.625,117219.375,5226.5,63705.875,81943.875,18048.25,143396.625
ENSG00000178301,4917.875,3497,3892.625,36.5,4384.625,4621.5,5238,5238
ENSG00000178562,101,499.625,36.25,83.25,594.125,222043.25,451941.5,451941.5
ENSG00000178726,52.25,39535.75,46150.625,247821.5,3095.875,20945.25,39.75,247821.5
ENSG00000179218,504777.875,709478.875,726412.125,47483.25,1096302.125,719307.625,439590.5,1096302.125
ENSG00000179639,174,32561,334789.625,242.875,19957,126068.625,634.75,334789.625
ENSG00000179776,54.25,838.125,256.75,40.75,142,447.875,32.75,838.125
ENSG00000179915,55.125,109.625,75.375,1950.375,146.625,176.125,127.875,1950.375
ENSG00000180210,30.625,53,66,221.125,52.625,53.25,54.75,221.125
ENSG00000180509,131.625,40100.5,24947.75,24879.375,800.625,14497.75,99.125,40100.5
ENSG00000180871,689.625,41938.5,7302.75,5446030.625,142774.25,60325.75,1385,5446030.625
ENSG00000181036,258.125,2933,10431.375,621.5,777949.75,122541.625,36865,777949.75
ENSG00000181092,24.125,13.75,30.625,94.875,38.75,43,16.375,94.875
ENSG00000181104,956,1025.125,1502.5,225.625,452475.875,72813.75,32466.625,452475.875
ENSG00000181284,25890.5,24268.25,52800.625,600.625,30719,31168.125,22571.625,52800.625
ENSG00000181847,5335.375,277.125,1158.25,406.5,255141.375,81988.625,100031,255141.375
ENSG00000181856,169.875,537.625,261.125,308.5,212,288.75,214.25,537.625
ENSG00000182168,21.75,121.875,54.375,232.875,246.375,114.375,199.375,246.375
ENSG00000182220,103904.75,702276.625,424476.25,150756.75,253424.875,374891.875,163521.375,702276.625
ENSG00000182492,5,3.875,2.5,9.125,21.5,3.25,3.5,21.5
ENSG00000182533,2.625,0,7.625,2.5,21.5,4.25,4.75,21.5
ENSG00000182578,669.25,1309069.625,4498341.375,79815.375,27587.25,715352.375,1470.625,4498341.375
ENSG00000182718,120734.875,662584.375,713901,496.75,158634.625,352847,60166.875,713901
ENSG00000183153,1361.25,2215.875,1341.875,9.125,2138.75,1273.125,723.5,2215.875
ENSG00000183454,80,21.25,22.125,33.125,31.625,42.25,43.5,80
ENSG00000183873,1204.5,138,339.375,62.25,720,837.5,1084.75,1204.5
ENSG00000184144,55.125,126.875,66.125,178.375,35.75,81.625,39,178.375
ENSG00000184156,107.75,27,61.375,54.375,69.375,600.375,1062.625,1062.625
ENSG00000184349,22.625,41.375,37,1920.25,9559,1002.75,247.25,9559
ENSG00000184451,4720.375,591.25,862.75,244.875,1168.75,4767.5,5362.125,5362.125
ENSG00000184564,15.375,14.25,9.125,5.875,8.875,11.125,2.75,15.375
ENSG00000185008,18.625,27.125,25.125,43.375,22.625,25.75,24.5,43.375
ENSG00000185245,8017.5,11891.5,7461.125,23732.625,11505.125,20543.5,22068,23732.625
ENSG00000185483,2575.5,14.125,213.5,6.375,1617,491.375,159.625,2575.5
ENSG00000185624,324610.875,921546.5,436783.875,131533.75,887256.125,722929.5,399936.5,921546.5
ENSG00000185896,261833.25,664816.375,502083.75,307890.5,653657.125,520119.5,339293.625,664816.375
ENSG00000185924,484,1219.375,331,8.5,273.625,1398.125,2093.375,2093.375
ENSG00000186318,29259.125,76869.875,58550.5,2694.25,27078.25,68781.5,60695.5,76869.875
ENSG00000186417,17.5,127.875,879.125,92.125,17.875,156.875,18.75,879.125
ENSG00000186827,540.5,228,348,1582.625,46143.75,24122.75,29462.125,46143.75
ENSG00000186907,468,2270.875,1918.125,13.375,2491.125,1502.625,627.75,2491.125
ENSG00000187116,191.5,450182.5,537939.375,329741,5009.25,196885,186.25,537939.375
ENSG00000187244,44.625,140.375,54.25,56.25,75.625,126.5,43.25,140.375
ENSG00000187688,115994.125,127554.625,206473.625,13039.25,346888,210264.75,186827,346888
ENSG00000187871,23,29,12.5,102.375,47.125,48,9.125,102.375
ENSG00000187912,222631,2329.125,11695.625,24047.125,490.625,13793,46.375,222631
ENSG00000188389,771.875,106,212.5,30.125,260.25,14704.875,24040.625,24040.625
ENSG00000188488,8.625,25.875,2.75,32.25,1.25,7.375,2.625,32.25
ENSG00000188763,116.375,51.625,33.625,119.75,74.75,202.625,137.875,202.625
ENSG00000189403,397093.75,343791.375,323290,158267.125,603483.375,473134.625,491417.875,603483.375
ENSG00000196090,43.5,12.375,51,23.5,44.75,15.875,17.625,51
ENSG00000196126,2335100.75,1973620,3164851.625,9845.875,119595.875,1121126.125,27025.75,3164851.625
ENSG00000196338,5551,7045.875,4584.625,53483.375,7669.875,11674.75,14624.375,53483.375
ENSG00000196352,153517.125,403269.25,405746.75,557611.5,109094.75,261686,144687.625,557611.5
ENSG00000196371,10026.375,135041.5,103725.25,11351.25,38634.625,73210.875,27130.625,135041.5
ENSG00000196535,419996.125,297244.625,734434.625,113172.875,319098.5,417216,359580,734434.625
ENSG00000196549,4487.875,5239.375,157.875,1253854.75,205.625,8827.75,1180.25,1253854.75
ENSG00000196562,18515.75,1152806,767021,552651.625,36500,469966,5507.125,1152806
ENSG00000196576,23307.25,2258060.375,3351613.625,879.375,50395.25,1044440,8370.375,3351613.625
ENSG00000196581,37.75,28.75,62.25,374.875,171.125,4240.75,3896,4240.75
ENSG00000196689,24922.75,15311.875,13960.75,2653.875,18566.25,23646.875,24292.5,24922.75
ENSG00000196776,728766.625,277943,704405.375,223159.25,1112007.375,688973,803665.875,1112007.375
ENSG00000196839,12657.375,13117.375,272208.625,142.625,151937.75,76060.125,70031.375,272208.625
ENSG00000197081,195484.125,1032398,301594.125,4006936.25,1917602.75,838101.375,459939.625,4006936.25
ENSG00000197405,1275.125,711592.125,1031262.375,2839001.5,4688,305873.25,3149.75,2839001.5
ENSG00000197442,77557.125,170900.25,122191,209332.875,104578,125600.125,71133.75,209332.875
ENSG00000197461,276.5,123.625,160.5,54,1985.375,1086.625,450.25,1985.375
ENSG00000197471,24316.25,384714.25,1707681.875,2452.25,1736732,807509.25,577678.125,1736732
ENSG00000197561,10,2803.875,24.875,845.875,13.5,4297.125,5.5,4297.125
ENSG00000197586,105514.25,236792.625,125262.875,826.375,118142.625,226990.625,201998.5,236792.625
ENSG00000197594,1423.625,84.625,1825.125,95.625,7065.375,1316,448.5,7065.375
ENSG00000197635,1214.625,204.25,5100.875,29.125,9215.5,95927.125,179793.875,179793.875
ENSG00000197965,43548.375,98690,107391,386800.75,14170.75,54333.125,12593.5,386800.75
ENSG00000197971,187700.125,327827.375,333981.75,1059748.375,1174106.125,455525.75,348363.25,1174106.125
ENSG00000197992,49.625,921.25,5107.75,12410.5,872.625,1653.75,5,12410.5
ENSG00000198053,4726.25,1064889.75,221555.875,1449283.625,18458.5,395453.375,1204.625,1449283.625
ENSG00000198121,16.25,64299.5,9150.375,8209.75,2123.375,21723.875,29.625,64299.5
ENSG00000198400,46.25,33.625,117.5,5.375,2404.125,5223.375,451.125,5223.375
ENSG00000198471,0.5,9.875,0,0,0,0,14.75,14.75
ENSG00000198753,659.75,719.75,621.375,46.375,1506.375,1795.125,1055.875,1795.125
ENSG00000198851,525.5,1656.875,901.625,270.75,372406.375,826429.75,1461262,1461262
ENSG00000198910,74712.875,48762.25,74411.375,36189.25,56542.5,70746.625,59418,74712.875
ENSG00000203747,1973.25,176609.625,8145849.125,3163707.625,2593827.5,772260.125,31791.625,8145849.125
ENSG00000204217,72968.875,95574.25,83164,9153.875,108949.875,82667.125,63683.375,108949.875
ENSG00000204287,6299159.125,4136380,6177409,30941.875,222952.25,2360688.25,19637.625,6299159.125
ENSG00000204301,7731.625,10483,41621.5,2216,2055.375,14071.25,711.75,41621.5
ENSG00000204305,72264.875,100571,100541.625,191265,74814.5,133749.625,127410.625,191265
ENSG00000204381,28.375,44.375,5918.125,0,3257.5,1287,1516.125,5918.125
ENSG00000204421,126.625,219.25,138,2496.25,163.5,118.75,40.375,2496.25
ENSG00000204428,1817.375,5897.375,3945.75,3821,7133.125,6975.875,5874.125,7133.125
ENSG00000204520,35430.75,35213.125,39068.375,27574,37600.5,46049.125,44829.5,46049.125
ENSG00000204592,4203842,4426913.375,6259383,11272268,6915883.625,5580827.375,4962039.5,11272268
ENSG00000204642,812413.25,879703.625,747152.625,1026704.375,1412351.5,1187478.25,1032928.625,1412351.5
ENSG00000213853,380.75,291.375,436.75,404.75,366.75,380.875,350.5,436.75
ENSG00000213949,134,8235,375.875,13378.75,324.125,9548.875,12309.375,13378.75
ENSG00000215021,302127.375,239517.625,283070.5,56692.375,210379.625,286993,261716.375,302127.375
ENSG00000223865,2064465.5,1077883.875,2532262.125,964.625,125129.625,765690.25,61134.5,2532262.125
ENSG00000231389,2650111.625,1751205.375,4703422.75,1312,179227.75,1184749.25,52367.375,4703422.75
ENSG00000232810,5584.5,13488.875,41315.25,16264.875,2573.375,9031.625,4025,41315.25
ENSG00000235169,1275.375,609.375,121.125,187.625,500.5,1021.625,1182.5,1275.375
ENSG00000240053,131500.875,127633.375,130847.25,129491.375,161100.75,170849,157039.375,170849
ENSG00000240972,143999.875,81543.75,99939.375,9364.625,149351.625,147724.125,155424.75,155424.75
ENSG00000241186,16.25,5,8.75,77.75,11.875,9,8,77.75
ENSG00000244355,18.625,5.125,221.75,73.25,12.5,13.125,0.625,221.75
ENSG00000249139,2.5,5.625,0,0,0,2.625,0,5.625
ENSG00000256660,84.5,117393.5,91825.5,74614.875,23243.375,50076.75,156.875,117393.5
ENSG00000258227,12.75,87014.125,847.125,4296.125,486,31569.75,40.125,87014.125
ENSG00000259207,779,443.125,698.375,5.125,2690,16897.75,81.5,16897.75
ENSG00000260314,40,4899.25,66920.875,155.25,1119.75,6928.5,893.5,66920.875
ENSG00000261371,165690.125,1718423.875,3885418.125,1621200.625,192741.75,909516.125,175778.375,3885418.125
ENSG00000272398,361963,197.625,171.5,5124.25,236.125,30686.25,223.25,361963
ENSG00000273079,271.75,52.5,59.75,59.625,98.875,99.75,35.25,271.75
ENSG00000274286,487,264.125,76.375,59.25,252.375,300.375,325.25,487
ENSG00000275722,2.5,2.5,21.625,3,829.625,95.5,28,829.625
ENSG00000277481,1268.25,1030.875,1343.625,1804.75,886,1383.875,1212.25,1804.75
